{
  "seed": 20260425,
  "device": "cpu",
  "channel_stats": {
    "mean": [
      -0.00031237947405315936,
      0.0021635284647345543,
      0.014710590243339539,
      0.018038930371403694,
      0.030630337074398994,
      0.05250582844018936
    ],
    "std": [
      0.21446415781974792,
      0.19718417525291443,
      0.18660812079906464,
      0.01234953198581934,
      0.1723906695842743,
      0.2232174128293991
    ]
  },
  "baseline_particle": [
    1.0,
    1.0,
    2.0,
    0.11999999731779099,
    -3.299999952316284,
    -4.5,
    1.5,
    1.0,
    1.0,
    1.2000000476837158,
    1.0,
    1.0,
    1.0,
    1.0,
    1.0,
    1.0,
    1.0,
    0.75,
    0.8500000238418579,
    0.44999998807907104
  ],
  "final": {
    "model_path": "/home/crh/\u6587\u6863/Machine_Learning_25D/ml25d_ws/data/training_runs/smoke_new_train_entry/best_model.pt",
    "model_config": {
      "conv_channels": [
        16,
        32,
        64
      ],
      "param_hidden": 64,
      "fusion_hidden": 96,
      "dropout": 0.11999999731779099
    },
    "train_config": {
      "lr": 0.0005011872886555352,
      "weight_decay": 3.1622776601683795e-05
    },
    "loss_weights": {
      "fail": 1.5,
      "bottom": 1.0,
      "stuck": 1.0,
      "risk": 1.2000000476837158
    },
    "fusion_weights": [
      0.14285714285714285,
      0.14285714285714285,
      0.14285714285714285,
      0.14285714285714285,
      0.14285714285714285,
      0.14285714285714285,
      0.14285714285714285
    ],
    "thresholds": {
      "edge": 0.75,
      "path_max": 0.8500000238418579,
      "path_avg": 0.44999998807907104
    },
    "train_losses": [
      2.873834249076493
    ],
    "test_metrics": {
      "auc_fail": 0.763888888888889,
      "f1_fail": 0.6428571428571429,
      "precision_fail": 0.47368421052631576,
      "recall_fail": 1.0,
      "mae_risk": 0.41450339555740356,
      "mae_all": 0.4264973998069763,
      "infer_ms_per_sample": 0.065482184206638,
      "planner": {
        "plan_success_rate": 0.0,
        "oracle_safe_rate": 0.0,
        "mean_length_ratio": 2.0,
        "solved_tasks": 0,
        "total_tasks": 4
      }
    }
  }
}