{
  "num_samples": 80,
  "band_counts": {
    "critical": 19,
    "fail": 28,
    "safe": 33
  },
  "label_mean": {
    "y_fail": 0.44999998807907104,
    "q_roll": 0.5488821268081665,
    "q_pitch": 0.4877263605594635,
    "q_slip": 0.32472723722457886,
    "q_lift": 0.04908333346247673,
    "p_bottom": 0.06987499445676804,
    "p_stuck": 0.08749999850988388
  },
  "trigger_counts": {
    "roll>0.9": 24,
    "pitch>0.9": 22,
    "slip>0.8": 5,
    "lift>0.25": 4,
    "bottom>0.2": 13,
    "stuck>=1": 7
  },
  "by_action": {
    "a0": {
      "n": 27,
      "fail_rate": 0.4074074074074074,
      "slip_trigger_rate": 0.0,
      "bottom_trigger_rate": 0.14814814814814814,
      "stuck_trigger_rate": 0.1111111111111111
    },
    "a1": {
      "n": 27,
      "fail_rate": 0.4444444444444444,
      "slip_trigger_rate": 0.07407407407407407,
      "bottom_trigger_rate": 0.14814814814814814,
      "stuck_trigger_rate": 0.1111111111111111
    },
    "a2": {
      "n": 26,
      "fail_rate": 0.5,
      "slip_trigger_rate": 0.11538461538461539,
      "bottom_trigger_rate": 0.19230769230769232,
      "stuck_trigger_rate": 0.038461538461538464
    }
  },
  "by_motion_model": {
    "ackermann": {
      "n": 41,
      "fail_rate": 0.5121951219512195,
      "slip_trigger_rate": 0.024390243902439025,
      "bottom_trigger_rate": 0.14634146341463414,
      "stuck_trigger_rate": 0.0975609756097561
    },
    "skid": {
      "n": 39,
      "fail_rate": 0.38461538461538464,
      "slip_trigger_rate": 0.10256410256410256,
      "bottom_trigger_rate": 0.1794871794871795,
      "stuck_trigger_rate": 0.07692307692307693
    }
  },
  "diagnosis": {
    "root_cause_type": "terrain_or_threshold_dominant",
    "code_score": 12,
    "config_score": 37
  }
}