{
  "total_samples": 120,
  "band_counts": {
    "safe": 36,
    "fail": 36,
    "critical": 48
  },
  "band_ratio": {
    "safe": 0.3,
    "fail": 0.3,
    "critical": 0.4
  },
  "label_mean": [
    0.5083333253860474,
    0.3789874315261841,
    0.3825600743293762,
    0.2750000059604645,
    0.019145840778946877,
    0.08766668289899826,
    0.0416666679084301
  ],
  "label_max": [
    1.0,
    1.0,
    1.0,
    1.0,
    0.03500000014901161,
    0.30000001192092896,
    1.0
  ],
  "label_min": [
    0.0,
    0.026347680017352104,
    0.022975528612732887,
    0.0,
    0.0024999999441206455,
    0.0,
    0.0
  ]
}