{
  "total_samples": 120,
  "band_counts": {
    "safe": 36,
    "fail": 36,
    "critical": 48
  },
  "band_ratio": {
    "safe": 0.3,
    "fail": 0.3,
    "critical": 0.4
  },
  "label_mean": [
    0.49166667461395264,
    0.37878528237342834,
    0.3829202651977539,
    0.2916666567325592,
    0.019187506288290024,
    0.0857500210404396,
    0.02500000037252903
  ],
  "label_max": [
    1.0,
    1.0,
    1.0,
    1.0,
    0.03500000014901161,
    0.30000001192092896,
    1.0
  ],
  "label_min": [
    0.0,
    0.026347680017352104,
    0.02297445386648178,
    0.0,
    0.0024999999441206455,
    0.0,
    0.0
  ]
}