{
  "config": {
    "num_samples_target": 60,
    "backend": "ros_gz",
    "num_workers": 1,
    "mu": 0.8,
    "seed": 20260430,
    "created_at_utc": "2026-04-27T13:23:55.417234+00:00",
    "flat_definition": {
      "terrain_class": "flat_absolute",
      "slope_deg": [
        0.0,
        0.0
      ],
      "cross_deg": [
        0.0,
        0.0
      ],
      "wave_amp_m": [
        0.0,
        0.0
      ],
      "bump_count": [
        0,
        0
      ],
      "pit_count": [
        0,
        0
      ],
      "step_height_m": [
        0.0,
        0.0
      ],
      "noise_std_m": [
        0.0,
        0.0
      ]
    }
  },
  "counts": {
    "attempts_total": 60,
    "accepted_valid_samples": 60,
    "invalid_attempts": 0,
    "invalid_sample_rate": 0.0,
    "worker_attempts": {
      "0": 60
    },
    "worker_accepted": {
      "0": 60
    },
    "vehicle_counts": {
      "urban_small": 20,
      "standard_offroad": 21,
      "mountain_large": 19
    },
    "action_counts": {
      "a1": 20,
      "a2": 20,
      "a0": 20
    },
    "motion_model_counts": {
      "ackermann": 30,
      "skid": 30
    },
    "invalid_reason_distribution": {}
  },
  "performance": {
    "elapsed_sec": 336.92083954811096,
    "accepted_samples_per_min": 10.68500246179024
  },
  "flat_metrics": {
    "flat_fail_rate": 0.0,
    "fail_reason_distribution": {},
    "slip_fail_rate": 0.0,
    "bottom_fail_rate": 0.0,
    "stuck_fail_rate": 0.0,
    "q_roll": {
      "mean": 1.4960808709292272e-05,
      "p95": 5.423095708500466e-05,
      "max": 8.852179879032746e-05
    },
    "q_pitch": {
      "mean": 1.2642162960845397e-05,
      "p95": 6.526224662946037e-05,
      "max": 0.00010906407952322844
    },
    "q_slip": {
      "mean": 0.21062881076175774,
      "p95": 0.6450501203536987,
      "max": 0.6479421854019165
    },
    "q_lift": {
      "mean": 0.0,
      "p95": 0.0,
      "max": 0.0
    },
    "p_bottom": {
      "mean": 0.0,
      "p95": 0.0,
      "max": 0.0
    },
    "p_stuck": {
      "mean": 0.0,
      "p95": 0.0,
      "max": 0.0
    },
    "q_slip_vs_abs_cos_heading_corr": 0.09997204819366955,
    "odom_pose_forward_mae": {
      "mean": 0.19167392317128057,
      "p95": 0.7841082483530044,
      "max": 0.867114782333374
    }
  }
}