{
  "num_samples": 80,
  "band_counts": {
    "safe": 24,
    "fail": 24,
    "critical": 32
  },
  "label_mean": {
    "y_fail": 0.38749998807907104,
    "q_roll": 0.3869529366493225,
    "q_pitch": 0.37670475244522095,
    "q_slip": 0.45375317335128784,
    "q_lift": 0.01965625025331974,
    "p_bottom": 0.04962500184774399,
    "p_stuck": 0.03750000149011612
  },
  "trigger_counts": {
    "roll>0.9": 5,
    "pitch>0.9": 2,
    "slip>0.8": 26,
    "lift>0.25": 0,
    "bottom>0.2": 6,
    "stuck>=1": 3
  },
  "by_action": {
    "a0": {
      "n": 15,
      "fail_rate": 0.6,
      "slip_trigger_rate": 0.6,
      "bottom_trigger_rate": 0.13333333333333333,
      "stuck_trigger_rate": 0.0
    },
    "a1": {
      "n": 14,
      "fail_rate": 0.6428571428571429,
      "slip_trigger_rate": 0.6428571428571429,
      "bottom_trigger_rate": 0.0,
      "stuck_trigger_rate": 0.0
    },
    "a2": {
      "n": 12,
      "fail_rate": 0.6666666666666666,
      "slip_trigger_rate": 0.6666666666666666,
      "bottom_trigger_rate": 0.08333333333333333,
      "stuck_trigger_rate": 0.08333333333333333
    },
    "a3": {
      "n": 24,
      "fail_rate": 0.16666666666666666,
      "slip_trigger_rate": 0.0,
      "bottom_trigger_rate": 0.08333333333333333,
      "stuck_trigger_rate": 0.08333333333333333
    },
    "a4": {
      "n": 15,
      "fail_rate": 0.06666666666666667,
      "slip_trigger_rate": 0.0,
      "bottom_trigger_rate": 0.06666666666666667,
      "stuck_trigger_rate": 0.0
    }
  },
  "by_motion_model": {
    "ackermann": {
      "n": 35,
      "fail_rate": 0.4,
      "slip_trigger_rate": 0.34285714285714286,
      "bottom_trigger_rate": 0.02857142857142857,
      "stuck_trigger_rate": 0.08571428571428572
    },
    "skid": {
      "n": 45,
      "fail_rate": 0.37777777777777777,
      "slip_trigger_rate": 0.3111111111111111,
      "bottom_trigger_rate": 0.1111111111111111,
      "stuck_trigger_rate": 0.0
    }
  },
  "diagnosis": {
    "root_cause_type": "motion_control_dominant",
    "code_score": 29,
    "config_score": 11
  }
}