{
  "total_samples": 80,
  "band_counts": {
    "safe": 36,
    "fail": 26,
    "critical": 18
  },
  "band_ratio": {
    "safe": 0.45,
    "fail": 0.325,
    "critical": 0.225
  },
  "label_mean": [
    0.4000000059604645,
    0.497440904378891,
    0.4552730619907379,
    0.2864532768726349,
    0.036895833909511566,
    0.07187499850988388,
    0.012500000186264515
  ],
  "label_max": [
    1.0,
    1.0,
    1.0,
    1.0,
    0.25,
    0.6499999761581421,
    1.0
  ],
  "label_min": [
    0.0,
    0.00578317092731595,
    0.005522415041923523,
    0.010237784124910831,
    0.0,
    0.0,
    0.0
  ]
}