{
  "seed": 20260425,
  "device": "cpu",
  "channel_stats": {
    "mean": [
      0.0011061618570238352,
      0.009473232552409172,
      -0.003805079497396946,
      0.017254166305065155,
      0.029329568147659302,
      0.05027253180742264
    ],
    "std": [
      0.20907872915267944,
      0.19093717634677887,
      0.1861625462770462,
      0.012751826085150242,
      0.16900800168514252,
      0.21864786744117737
    ]
  },
  "best_particle": [
    1.846437931060791,
    0.9913449883460999,
    2.0775065422058105,
    0.028104092925786972,
    -3.139209508895874,
    -3.051053762435913,
    3.340784788131714,
    3.1470444202423096,
    4.945598602294922,
    2.246818780899048,
    0.10551203042268753,
    0.09318843483924866,
    1.0746175050735474,
    0.08309480547904968,
    0.8242726922035217,
    1.0263915061950684,
    1.5539783239364624,
    0.5465704202651978,
    0.7890325784683228,
    0.5518816113471985
  ],
  "best_pso_fitness": 1.4220012163390525,
  "pso_history": [
    {
      "iter": 0,
      "particle": 0,
      "fitness": 1.4220012163390525,
      "metrics": {
        "auc_fail": 0.8240693523712392,
        "f1_fail": 0.7368421052631579,
        "precision_fail": 0.717948717948718,
        "recall_fail": 0.7567567567567568,
        "mae_risk": 0.34534090757369995,
        "mae_all": 0.3599510192871094,
        "infer_ms_per_sample": 0.2822437000253962,
        "planner": {
          "plan_success_rate": 1.0,
          "oracle_safe_rate": 1.0,
          "mean_length_ratio": 1.0,
          "solved_tasks": 8,
          "total_tasks": 8
        },
        "model_config": {
          "conv_channels": [
            24,
            48,
            96
          ],
          "param_hidden": 64,
          "fusion_hidden": 96,
          "dropout": 0.028104092925786972
        },
        "train_config": {
          "lr": 0.0007257557596407064,
          "weight_decay": 0.0008890910481673671
        },
        "loss_weights": {
          "fail": 3.340784788131714,
          "bottom": 3.1470444202423096,
          "stuck": 4.945598602294922,
          "risk": 2.246818780899048
        },
        "fusion_weights": [
          0.02216147971725837,
          0.01957306290382028,
          0.22570993987219687,
          0.017453022549716028,
          0.1731281492411736,
          0.21558067317428176,
          0.3263936725415531
        ],
        "thresholds": {
          "edge": 0.5465704202651978,
          "path_max": 0.7890325784683228,
          "path_avg": 0.5518816113471985
        }
      },
      "position": [
        1.846437931060791,
        0.9913449883460999,
        2.0775065422058105,
        0.028104092925786972,
        -3.139209508895874,
        -3.051053762435913,
        3.340784788131714,
        3.1470444202423096,
        4.945598602294922,
        2.246818780899048,
        0.10551203042268753,
        0.09318843483924866,
        1.0746175050735474,
        0.08309480547904968,
        0.8242726922035217,
        1.0263915061950684,
        1.5539783239364624,
        0.5465704202651978,
        0.7890325784683228,
        0.5518816113471985
      ]
    },
    {
      "iter": 0,
      "particle": 1,
      "fitness": 1.0900003757022119,
      "metrics": {
        "auc_fail": 0.776134625191229,
        "f1_fail": 0.0,
        "precision_fail": 0.0,
        "recall_fail": 0.0,
        "mae_risk": 0.40906932950019836,
        "mae_all": 0.42083099484443665,
        "infer_ms_per_sample": 0.887878588885845,
        "planner": {
          "plan_success_rate": 1.0,
          "oracle_safe_rate": 1.0,
          "mean_length_ratio": 1.0,
          "solved_tasks": 8,
          "total_tasks": 8
        },
        "model_config": {
          "conv_channels": [
            16,
            32,
            64
          ],
          "param_hidden": 96,
          "fusion_hidden": 32,
          "dropout": 0.31045201420783997
        },
        "train_config": {
          "lr": 0.00016693954044778994,
          "weight_decay": 0.0003210851119396493
        },
        "loss_weights": {
          "fail": 4.570615291595459,
          "bottom": 2.2836966514587402,
          "stuck": 1.677249789237976,
          "risk": 4.198765277862549
        },
        "fusion_weights": [
          0.21485411594813777,
          0.07317264374196296,
          0.08244405096196152,
          0.06644255819662596,
          0.22717950894576688,
          0.16258593583628803,
          0.17332118636925686
        ],
        "thresholds": {
          "edge": 0.7279009222984314,
          "path_max": 0.9253466725349426,
          "path_avg": 0.5925721526145935
        }
      },
      "position": [
        1.1287192106246948,
        2.2253408432006836,
        0.09075776487588882,
        0.31045201420783997,
        -3.7774407863616943,
        -3.493379831314087,
        4.570615291595459,
        2.2836966514587402,
        1.677249789237976,
        4.198765277862549,
        1.0469704866409302,
        0.3565656542778015,
        0.40174463391304016,
        0.3237703740596771,
        1.1070313453674316,
        0.7922709584236145,
        0.8445831537246704,
        0.7279009222984314,
        0.9253466725349426,
        0.5925721526145935
      ]
    }
  ],
  "final": {
    "model_path": "ml25d_ws/data/training_runs/smoke_train_after_tune/pso/best_model.pt",
    "model_config": {
      "conv_channels": [
        24,
        48,
        96
      ],
      "param_hidden": 64,
      "fusion_hidden": 96,
      "dropout": 0.028104092925786972
    },
    "train_config": {
      "lr": 0.0007257557596407064,
      "weight_decay": 0.0008890910481673671
    },
    "loss_weights": {
      "fail": 3.340784788131714,
      "bottom": 3.1470444202423096,
      "stuck": 4.945598602294922,
      "risk": 2.246818780899048
    },
    "fusion_weights": [
      0.02216147971725837,
      0.01957306290382028,
      0.22570993987219687,
      0.017453022549716028,
      0.1731281492411736,
      0.21558067317428176,
      0.3263936725415531
    ],
    "thresholds": {
      "edge": 0.5465704202651978,
      "path_max": 0.7890325784683228,
      "path_avg": 0.5518816113471985
    },
    "train_losses": [
      8.282004120236351,
      6.746824827648345,
      5.428809529259091,
      4.493010489145915,
      4.041994063059489,
      3.9051189944857643,
      3.804695837838309,
      3.7517082850138346,
      3.6935135909489225,
      3.6102891081855413,
      3.489070735658918,
      3.5986289024353026,
      3.5134545189993722,
      3.4591135411035445
    ],
    "val_history": [
      {
        "epoch": 1.0,
        "train_loss": 8.282004120236351,
        "val_auc_fail": 0.833248342682305,
        "val_recall_fail": 0.8108108108108109,
        "val_mae_risk": 0.4009898006916046,
        "val_score": 0.7556997453722645,
        "lr": 0.0007257557596407064
      },
      {
        "epoch": 2.0,
        "train_loss": 6.746824827648345,
        "val_auc_fail": 0.8419173890872005,
        "val_recall_fail": 0.7027027027027027,
        "val_mae_risk": 0.35025322437286377,
        "val_score": 0.7725256203997204,
        "lr": 0.0007257557596407064
      },
      {
        "epoch": 3.0,
        "train_loss": 5.428809529259091,
        "val_auc_fail": 0.844467108618052,
        "val_recall_fail": 0.6756756756756757,
        "val_mae_risk": 0.28165680170059204,
        "val_score": 0.821844369960281,
        "lr": 0.0007257557596407064
      },
      {
        "epoch": 4.0,
        "train_loss": 4.493010489145915,
        "val_auc_fail": 0.852626211116777,
        "val_recall_fail": 0.6756756756756757,
        "val_mae_risk": 0.22069109976291656,
        "val_score": 0.8787760340091464,
        "lr": 0.0007257557596407064
      },
      {
        "epoch": 5.0,
        "train_loss": 4.041994063059489,
        "val_auc_fail": 0.8607853136155024,
        "val_recall_fail": 0.6756756756756757,
        "val_mae_risk": 0.18956801295280457,
        "val_score": 0.9118336059559613,