{
  "num_samples": 120,
  "band_counts": {
    "safe": 36,
    "fail": 36,
    "critical": 48
  },
  "label_mean": {
    "y_fail": 0.5083333253860474,
    "q_roll": 0.3789874315261841,
    "q_pitch": 0.3825600743293762,
    "q_slip": 0.2750000059604645,
    "q_lift": 0.01914583519101143,
    "p_bottom": 0.08766666799783707,
    "p_stuck": 0.0416666679084301
  },
  "trigger_counts": {
    "roll>0.9": 6,
    "pitch>0.9": 5,
    "slip>0.8": 33,
    "lift>0.25": 0,
    "bottom>0.2": 26,
    "stuck>=1": 5
  },
  "by_action": {
    "a0": {
      "n": 12,
      "fail_rate": 1.0,
      "slip_trigger_rate": 1.0,
      "bottom_trigger_rate": 0.16666666666666666,
      "stuck_trigger_rate": 0.08333333333333333
    },
    "a1": {
      "n": 12,
      "fail_rate": 1.0,
      "slip_trigger_rate": 1.0,
      "bottom_trigger_rate": 0.08333333333333333,
      "stuck_trigger_rate": 0.0
    },
    "a2": {
      "n": 9,
      "fail_rate": 1.0,
      "slip_trigger_rate": 1.0,
      "bottom_trigger_rate": 0.2222222222222222,
      "stuck_trigger_rate": 0.2222222222222222
    },
    "a3": {
      "n": 45,
      "fail_rate": 0.28888888888888886,
      "slip_trigger_rate": 0.0,
      "bottom_trigger_rate": 0.17777777777777778,
      "stuck_trigger_rate": 0.044444444444444446
    },
    "a4": {
      "n": 42,
      "fail_rate": 0.35714285714285715,
      "slip_trigger_rate": 0.0,
      "bottom_trigger_rate": 0.30952380952380953,
      "stuck_trigger_rate": 0.0
    }
  },
  "by_motion_model": {
    "ackermann": {
      "n": 52,
      "fail_rate": 0.5384615384615384,
      "slip_trigger_rate": 0.28846153846153844,
      "bottom_trigger_rate": 0.15384615384615385,
      "stuck_trigger_rate": 0.038461538461538464
    },
    "skid": {
      "n": 68,
      "fail_rate": 0.4852941176470588,
      "slip_trigger_rate": 0.2647058823529412,
      "bottom_trigger_rate": 0.2647058823529412,
      "stuck_trigger_rate": 0.04411764705882353
    }
  },
  "diagnosis": {
    "root_cause_type": "mixed",
    "code_score": 38,
    "config_score": 32
  }
}