{
  "total_samples": 1,
  "band_counts": {
    "safe": 0,
    "fail": 1,
    "critical": 0
  },
  "band_ratio": {
    "safe": 0.0,
    "fail": 1.0,
    "critical": 0.0
  },
  "label_mean": [
    1.0,
    0.25524041056632996,
    0.4157012403011322,
    1.0,
    0.019999999552965164,
    1.0,
    0.0
  ],
  "label_max": [
    1.0,
    0.25524041056632996,
    0.4157012403011322,
    1.0,
    0.019999999552965164,
    1.0,
    0.0
  ],
  "label_min": [
    1.0,
    0.25524041056632996,
    0.4157012403011322,
    1.0,
    0.019999999552965164,
    1.0,
    0.0
  ]
}