{
  "total_samples": 3000,
  "band_counts": {
    "safe": 900,
    "fail": 900,
    "critical": 1200
  },
  "band_ratio": {
    "safe": 0.3,
    "fail": 0.3,
    "critical": 0.4
  },
  "label_mean": [
    0.46666666865348816,
    0.5105955600738525,
    0.46844416856765747,
    0.568699061870575,
    0.018707511946558952,
    0.10813748836517334,
    0.22033333778381348
  ],
  "label_max": [
    1.0,
    1.0,
    1.0,
    1.0,
    0.27000001072883606,
    0.4000000059604645,
    1.0
  ],
  "label_min": [
    0.0,
    0.057518910616636276,
    0.054394498467445374,
    0.0,
    0.0,
    0.0,
    0.0
  ]
}