{
  "seed": 20260425,
  "device": "cpu",
  "channel_stats": {
    "mean": [
      -5.5387547035934404e-05,
      -0.000580095686018467,
      0.004797451198101044,
      0.014389780350029469,
      0.03155839815735817,
      0.04533125087618828
    ],
    "std": [
      0.17962099611759186,
      0.16825370490550995,
      0.16439959406852722,
      0.012305603362619877,
      0.17417238652706146,
      0.20821113884449005
    ]
  },
  "best_particle": [
    0.5137965083122253,
    1.1178654432296753,
    1.110803484916687,
    0.22371067106723785,
    -3.4384937286376953,
    -4.182591915130615,
    2.324345350265503,
    0.7133265137672424,
    1.4370278120040894,
    1.5481836795806885,
    0.9990001320838928,
    1.9815666675567627,
    0.28234949707984924,
    0.9853521585464478,
    0.16318485140800476,
    0.31220054626464844,
    1.6103006601333618,
    0.568422257900238,
    0.7621978521347046,
    0.26167404651641846
  ],
  "best_pso_fitness": 0.7169944096423047,
  "pso_history": [
    {
      "iter": 0,
      "particle": 0,
      "fitness": 0.626079204356729,
      "metrics": {
        "auc_fail": 0.7359687506243882,
        "f1_fail": 0.6175115207373272,
        "precision_fail": 0.44666666666666666,
        "recall_fail": 1.0,
        "mae_risk": 0.3617083430290222,
        "mae_all": 0.3817227780818939,
        "infer_ms_per_sample": 0.05228718444413971,
        "planner": {
          "plan_success_rate": 0.0,
          "oracle_safe_rate": 0.0,
          "mean_length_ratio": 2.0,
          "solved_tasks": 0,
          "total_tasks": 24
        },
        "model_config": {
          "conv_channels": [
            16,
            32,
            64
          ],
          "param_hidden": 96,
          "fusion_hidden": 32,
          "dropout": 0.2416825145483017
        },
        "train_config": {
          "lr": 0.00019646820803395927,
          "weight_decay": 5.760021932780606e-05
        },
        "loss_weights": {
          "fail": 4.522525310516357,
          "bottom": 1.5024083852767944,
          "stuck": 2.5327935218811035,
          "risk": 3.3972368240356445
        },
        "fusion_weights": [
          0.05718699894439201,
          0.19755699118885506,
          0.17558258895037893,
          0.18598653407799592,
          0.1830241029210075,
          0.07496727439155645,
          0.12569550952581413
        ],
        "thresholds": {
          "edge": 0.6066446304321289,
          "path_max": 0.5333914160728455,
          "path_avg": 0.3818759620189667
        }
      },
      "position": [
        0.75306636095047,
        1.9848690032958984,
        0.4701593220233917,
        0.2416825145483017,
        -3.706707715988159,
        -4.2395758628845215,
        4.522525310516357,
        1.5024083852767944,
        2.5327935218811035,
        3.3972368240356445,
        0.5458805561065674,
        1.8857873678207397,
        1.676029920578003,
        1.7753411531448364,
        1.747063159942627,
        0.7156028151512146,
        1.1998310089111328,
        0.6066446304321289,
        0.5333914160728455,
        0.3818759620189667
      ]
    },
    {
      "iter": 0,
      "particle": 1,
      "fitness": 0.7169944096423047,
      "metrics": {
        "auc_fail": 0.8344622270175228,
        "f1_fail": 0.6175115207373272,
        "precision_fail": 0.44666666666666666,
        "recall_fail": 1.0,
        "mae_risk": 0.3711959421634674,
        "mae_all": 0.38948625326156616,
        "infer_ms_per_sample": 0.05110636444442207,
        "planner": {
          "plan_success_rate": 0.0,
          "oracle_safe_rate": 0.0,
          "mean_length_ratio": 2.0,
          "solved_tasks": 0,
          "total_tasks": 24
        },
        "model_config": {
          "conv_channels": [
            16,
            32,
            64
          ],
          "param_hidden": 64,
          "fusion_hidden": 64,
          "dropout": 0.22371067106723785
        },
        "train_config": {
          "lr": 0.00036433951121887895,
          "weight_decay": 6.567621030522095e-05
        },
        "loss_weights": {
          "fail": 2.324345350265503,
          "bottom": 0.7133265137672424,
          "stuck": 1.4370278120040894,
          "risk": 1.5481836795806885
        },
        "fusion_weights": [
          0.15772139348680295,
          0.3128482630348714,
          0.044577127369180486,
          0.1555666616349596,
          0.02576350225932304,
          0.04928998868247033,
          0.25423306353239217
        ],
        "thresholds": {
          "edge": 0.568422257900238,
          "path_max": 0.7621978521347046,
          "path_avg": 0.26167404651641846
        }
      },
      "position": [
        0.5137965083122253,
        1.1178654432296753,
        1.110803484916687,
        0.22371067106723785,
        -3.4384937286376953,
        -4.182591915130615,
        2.324345350265503,
        0.7133265137672424,
        1.4370278120040894,
        1.5481836795806885,
        0.9990001320838928,
        1.9815666675567627,
        0.28234949707984924,
        0.9853521585464478,
        0.16318485140800476,
        0.31220054626464844,
        1.6103006601333618,
        0.568422257900238,
        0.7621978521347046,
        0.26167404651641846
      ]
    }
  ],
  "final": {
    "model_path": "data/training_runs/cnn_pso_smoke2/best_model.pt",
    "model_config": {
      "conv_channels": [
        16,
        32,
        64
      ],
      "param_hidden": 64,
      "fusion_hidden": 64,
      "dropout": 0.22371067106723785
    },
    "train_config": {
      "lr": 0.00036433951121887895,
      "weight_decay": 6.567621030522095e-05
    },
    "loss_weights": {
      "fail": 2.324345350265503,
      "bottom": 0.7133265137672424,
      "stuck": 1.4370278120040894,
      "risk": 1.5481836795806885
    },
    "fusion_weights": [
      0.15772139348680295,
      0.3128482630348714,
      0.044577127369180486,
      0.1555666616349596,
      0.02576350225932304,
      0.04928998868247033,
      0.25423306353239217
    ],
    "thresholds": {
      "edge": 0.568422257900238,
      "path_max": 0.7621978521347046,
      "path_avg": 0.26167404651641846
    },
    "train_losses": [
      3.1273066954519235
    ],
    "test_metrics": {
      "auc_fail": 0.8400348094381045,
      "f1_fail": 0.6573033707865169,
      "precision_fail": 0.841726618705036,
      "recall_fail": 0.5391705069124424,
      "mae_risk": 0.2716141939163208,
      "mae_all": 0.28580430150032043,
      "infer_ms_per_sample": 0.034921848887784615,
      "planner": {
        "plan_success_rate": 0.0,
        "oracle_safe_rate": 0.0,
        "mean_length_ratio": 2.0,
        "solved_tasks": 0,
        "total_tasks": 40
      }
    }
  }
}