{
  "total_samples": 120,
  "band_counts": {
    "safe": 36,
    "fail": 36,
    "critical": 48
  },
  "band_ratio": {
    "safe": 0.3,
    "fail": 0.3,
    "critical": 0.4
  },
  "label_mean": [
    0.5,
    0.5226739645004272,
    0.4630895256996155,
    0.5796568989753723,
    0.01933334395289421,
    0.12250005453824997,
    0.21666666865348816
  ],
  "label_max": [
    1.0,
    1.0,
    1.0,
    1.0,
    0.11249999701976776,
    0.4000000059604645,
    1.0
  ],
  "label_min": [
    0.0,
    0.06582184880971909,
    0.06782803684473038,
    0.0,
    0.0,
    0.0,
    0.0
  ]
}