{
  "total_samples": 1000,
  "valid_samples": 1000,
  "invalid_samples": 0,
  "invalid_sample_rate": 0.0,
  "total_fail_rate": 0.445,
  "by_vehicle_fail_rate": {
    "mountain_large": {
      "n": 103,
      "fail_rate": 0.06796116504854369
    },
    "standard_offroad": {
      "n": 332,
      "fail_rate": 0.21686746987951808
    },
    "urban_small": {
      "n": 565,
      "fail_rate": 0.647787610619469
    }
  },
  "by_terrain_fail_rate": {
    "bumps": {
      "n": 139,
      "fail_rate": 0.460431654676259
    },
    "flat": {
      "n": 196,
      "fail_rate": 0.15306122448979592
    },
    "lateral_pits": {
      "n": 64,
      "fail_rate": 0.671875
    },
    "lateral_slope": {
      "n": 112,
      "fail_rate": 0.5357142857142857
    },
    "mixed_random": {
      "n": 26,
      "fail_rate": 0.8846153846153846
    },
    "pits": {
      "n": 127,
      "fail_rate": 0.3937007874015748
    },
    "slope_bumps": {
      "n": 55,
      "fail_rate": 0.8545454545454545
    },
    "steps": {
      "n": 121,
      "fail_rate": 0.30578512396694213
    },
    "uniform_slope": {
      "n": 85,
      "fail_rate": 0.5882352941176471
    },
    "waves": {
      "n": 75,
      "fail_rate": 0.5466666666666666
    }
  },
  "fail_reason_distribution": {
    "pitch": 367,
    "bottom": 118,
    "stuck": 71,
    "roll": 258,
    "slip": 81,
    "lift": 149
  },
  "q_stats": {
    "q_roll": {
      "mean": 0.464258436283772,
      "p50": 0.37695462654408,
      "p95": 1.0
    },
    "q_pitch": {
      "mean": 0.5362222088611555,
      "p50": 0.45830609873621947,
      "p95": 1.0
    },
    "q_slip": {
      "mean": 0.32438392820175793,
      "p50": 0.28329583406448366,
      "p95": 1.0
    },
    "q_lift": {
      "mean": 0.09918261109339073,
      "p50": 0.029999999329447746,
      "p95": 0.37500000149011614
    }
  },
  "bottom_stuck_distribution": {
    "bottom_fail_rate": 0.118,
    "stuck_fail_rate": 0.071,
    "both_rate": 0.009,
    "none_rate": 0.82
  },
  "flat_fail": {
    "n": 196,
    "fail_rate": 0.15306122448979592
  },
  "vehicle_terrain_risk_heatmap": {
    "mountain_large": {
      "bumps": 0.18181818181818182,
      "flat": 0.030303030303030304,
      "lateral_pits": null,
      "lateral_slope": null,
      "mixed_random": null,
      "pits": 0.2727272727272727,
      "slope_bumps": null,
      "steps": 0.0,
      "uniform_slope": 0.0,
      "waves": 0.0
    },
    "standard_offroad": {
      "bumps": 0.26229508196721313,
      "flat": 0.03333333333333333,
      "lateral_pits": 0.2857142857142857,
      "lateral_slope": 0.275,
      "mixed_random": 0.5,
      "pits": 0.2,
      "slope_bumps": 0.5,
      "steps": 0.19607843137254902,
      "uniform_slope": 0.2,
      "waves": 0.5
    },
    "urban_small": {
      "bumps": 0.6865671641791045,
      "flat": 0.37142857142857144,
      "lateral_pits": 0.78,
      "lateral_slope": 0.6805555555555556,
      "mixed_random": 0.9166666666666666,
      "pits": 0.5901639344262295,
      "slope_bumps": 0.8823529411764706,
      "steps": 0.45,
      "uniform_slope": 0.7758620689655172,
      "waves": 0.5961538461538461
    }
  },
  "progress_distribution": {
    "pass": {
      "n": 555,
      "mean": 0.9651381969451904,
      "p50": 0.9799919525782268,
      "p95": 1.089862863222758
    },
    "fail": {
      "n": 445,
      "mean": 0.8448772247329579,
      "p50": 0.9685355424880981,
      "p95": 1.848591287930805
    }
  }
}