{
  "config": {
    "num_samples_target": 180,
    "backend": "ros_gz",
    "num_workers": 4,
    "mu": 0.8,
    "seed": 20260501,
    "created_at_utc": "2026-04-27T13:45:22.433042+00:00",
    "flat_definition": {
      "terrain_class": "flat_absolute",
      "slope_deg": [
        0.0,
        0.0
      ],
      "cross_deg": [
        0.0,
        0.0
      ],
      "wave_amp_m": [
        0.0,
        0.0
      ],
      "bump_count": [
        0,
        0
      ],
      "pit_count": [
        0,
        0
      ],
      "step_height_m": [
        0.0,
        0.0
      ],
      "noise_std_m": [
        0.0,
        0.0
      ]
    }
  },
  "counts": {
    "attempts_total": 180,
    "accepted_valid_samples": 180,
    "invalid_attempts": 0,
    "invalid_sample_rate": 0.0,
    "worker_attempts": {
      "0": 45,
      "1": 45,
      "2": 45,
      "3": 45
    },
    "worker_accepted": {
      "0": 45,
      "1": 45,
      "2": 45,
      "3": 45
    },
    "vehicle_counts": {
      "urban_small": 60,
      "standard_offroad": 60,
      "mountain_large": 60
    },
    "action_counts": {
      "a1": 60,
      "a2": 60,
      "a0": 60
    },
    "motion_model_counts": {
      "ackermann": 83,
      "skid": 97
    },
    "invalid_reason_distribution": {}
  },
  "performance": {
    "elapsed_sec": 256.64364790916443,
    "accepted_samples_per_min": 42.08169611048591
  },
  "flat_metrics": {
    "flat_fail_rate": 0.0,
    "fail_reason_distribution": {},
    "slip_fail_rate": 0.0,
    "bottom_fail_rate": 0.0,
    "stuck_fail_rate": 0.0,
    "q_roll": {
      "mean": 1.7417683601505785e-05,
      "p95": 5.178327848794174e-05,
      "max": 0.0003671799099093604
    },
    "q_pitch": {
      "mean": 1.726591305153908e-05,
      "p95": 9.622420066153882e-05,
      "max": 0.00018764999086455378
    },
    "q_slip": {
      "mean": 0.2517641309365253,
      "p95": 0.6466503340005875,
      "max": 0.6479822993278503
    },
    "q_lift": {
      "mean": 0.0,
      "p95": 0.0,
      "max": 0.0
    },
    "p_bottom": {
      "mean": 0.0,
      "p95": 0.0,
      "max": 0.0
    },
    "p_stuck": {
      "mean": 0.0,
      "p95": 0.0,
      "max": 0.0
    },
    "q_slip_vs_abs_cos_heading_corr": 0.11233823982563552,
    "odom_pose_forward_mae": {
      "mean": 0.21660570146309005,
      "p95": 0.6139285743236541,
      "max": 1.0185691118240356
    }
  }
}