{
  "seed": 20260425,
  "device": "cpu",
  "channel_stats": {
    "mean": [
      0.0022036165464669466,
      0.005930592305958271,
      -0.002930768532678485,
      0.018082423135638237,
      0.02885882742702961,
      0.049766283482313156
    ],
    "std": [
      0.21503989398479462,
      0.19644789397716522,
      0.19056782126426697,
      0.012570551596581936,
      0.1676042079925537,
      0.2172238677740097
    ]
  },
  "baseline_particle": [
    1.0,
    1.0,
    2.0,
    0.11999999731779099,
    -3.299999952316284,
    -4.5,
    1.5,
    1.0,
    1.0,
    1.2000000476837158,
    1.0,
    1.0,
    1.0,
    1.0,
    1.0,
    1.0,
    1.0,
    0.75,
    0.8500000238418579,
    0.44999998807907104
  ],
  "final": {
    "model_path": "ml25d_ws/data/training_runs/smoke_train_after_fix_noise/baseline/best_model.pt",
    "model_config": {
      "conv_channels": [
        16,
        32,
        64
      ],
      "param_hidden": 64,
      "fusion_hidden": 96,
      "dropout": 0.11999999731779099
    },
    "train_config": {
      "lr": 0.0005011872886555352,
      "weight_decay": 3.1622776601683795e-05
    },
    "loss_weights": {
      "fail": 1.5,
      "bottom": 1.0,
      "stuck": 1.0,
      "risk": 1.2000000476837158
    },
    "fusion_weights": [
      0.14285714285714285,
      0.14285714285714285,
      0.14285714285714285,
      0.14285714285714285,
      0.14285714285714285,
      0.14285714285714285,
      0.14285714285714285
    ],
    "thresholds": {
      "edge": 0.75,
      "path_max": 0.8500000238418579,
      "path_avg": 0.44999998807907104
    },
    "train_losses": [
      2.817690220333281,
      2.614627708707537,
      2.4131178061167398,
      2.192518629346575,
      1.9735249133337112,
      1.7605735880987985,
      1.6192856334504626,
      1.5064363649913244,
      1.46921409538814,
      1.4637999091829572,
      1.4366342101778302,
      1.429171285175142,
      1.4208531493232364,
      1.408624555951073,
      1.396976241611299,
      1.3902533815020606,
      1.367289788382394
    ],
    "val_history": [
      {
        "epoch": 1.0,
        "train_loss": 2.817690220333281,
        "val_auc_fail": 0.7716998191681735,
        "val_recall_fail": 1.0,
        "val_mae_risk": 0.40793055295944214,
        "val_score": 0.7453553768006198,
        "lr": 0.0005011872886555352
      },
      {
        "epoch": 2.0,
        "train_loss": 2.614627708707537,
        "val_auc_fail": 0.7936256781193491,
        "val_recall_fail": 0.7678571428571429,
        "val_mae_risk": 0.3922070264816284,
        "val_score": 0.7102171997911892,
        "lr": 0.0005011872886555352
      },
      {
        "epoch": 3.0,
        "train_loss": 2.4131178061167398,
        "val_auc_fail": 0.7909132007233273,
        "val_recall_fail": 0.7678571428571429,
        "val_mae_risk": 0.3635597825050354,
        "val_score": 0.7304225175764418,
        "lr": 0.0005011872886555352
      },
      {
        "epoch": 4.0,
        "train_loss": 2.192518629346575,
        "val_auc_fail": 0.7884267631103075,
        "val_recall_fail": 0.7321428571428571,
        "val_mae_risk": 0.3234318196773529,
        "val_score": 0.7493241645112821,
        "lr": 0.0005011872886555352
      },
      {
        "epoch": 5.0,
        "train_loss": 1.9735249133337112,
        "val_auc_fail": 0.7906871609403255,
        "val_recall_fail": 0.6785714285714286,
        "val_mae_risk": 0.2813452482223511,
        "val_score": 0.7691823909338733,
        "lr": 0.0005011872886555352
      },
      {
        "epoch": 6.0,
        "train_loss": 1.7605735880987985,
        "val_auc_fail": 0.7933996383363473,
        "val_recall_fail": 0.5,
        "val_mae_risk": 0.24212054908275604,
        "val_score": 0.7497031990701425,
        "lr": 0.0005011872886555352
      },
      {
        "epoch": 7.0,
        "train_loss": 1.6192856334504626,
        "val_auc_fail": 0.7967902350813743,
        "val_recall_fail": 0.42857142857142855,
        "val_mae_risk": 0.2159053236246109,
        "val_score": 0.7526374047531141,
        "lr": 0.0005011872886555352
      },
      {
        "epoch": 8.0,
        "train_loss": 1.5064363649913244,
        "val_auc_fail": 0.7915913200723328,
        "val_recall_fail": 0.5535714285714286,
        "val_mae_risk": 0.20323166251182556,
        "val_score": 0.7950774186343008,
        "lr": 0.0005011872886555352
      },
      {
        "epoch": 9.0,
        "train_loss": 1.46921409538814,
        "val_auc_fail": 0.7906871609403255,
        "val_recall_fail": 0.6607142857142857,
        "val_mae_risk": 0.1970161646604538,
        "val_score": 0.8312885149262481,
        "lr": 0.0005011872886555352
      },
      {
        "epoch": 10.0,
        "train_loss": 1.4637999091829572,
        "val_auc_fail": 0.7943037974683544,
        "val_recall_fail": 0.5357142857142857,
        "val_mae_risk": 0.19484470784664154,
        "val_score": 0.7991423169053269,
        "lr": 0.0005011872886555352
      },
      {
        "epoch": 11.0,
        "train_loss": 1.4366342101778302,
        "val_auc_fail": 0.7909132007233273,
        "val_recall_fail": 0.5714285714285714,
        "val_mae_risk": 0.19431209564208984,
        "val_score": 0.8068920956382267,
        "lr": 0.0005011872886555352
      },
      {
        "epoch": 12.0,
        "train_loss": 1.429171285175142,
        "val_auc_fail": 0.788878842676311,
        "val_recall_fail": 0.625,
        "val_mae_risk": 0.19444355368614197,
        "val_score": 0.8208239997273974,
        "lr": 0.0005011872886555352
      },
      {
        "epoch": 13.0,
        "train_loss": 1.4208531493232364,
        "val_auc_fail": 0.7884267631103073,
        "val_recall_fail": 0.7321428571428571,
        "val_mae_risk": 0.19432339072227478,
        "val_score": 0.8526109076753446,
        "lr": 0.0005011872886555352
      },
      {
        "epoch": 14.0,
        "train_loss": 1.408624555951073,
        "val_auc_fail": 0.7875226039783002,
        "val_recall_fail": 0.5892857142857143,
        "val_mae_risk": 0.19451889395713806,
        "val_score": 0.8086932030983041,
        "lr": 0.0005011872886555352
      },
      {
        "epoch": 15.0,
        "train_loss": 1.396976241611299,
        "val_auc_fail": 0.7875226039783001,
        "val_recall_fail": 0.6964285714285714,
        "val_mae_risk": 0.19420787692070007,
        "val_score": 0.8410848738703114,
        "lr": 0.0005011872886555352
      },
      {
        "epoch": 16.0,
        "train_loss": 1.3902533815020606,
        "val_auc_fail": 0.7875226039783002,
        "val_recall_fail": 0.6428571428571429,
        "val_mae_risk": 0.19369657337665558,
        "val_score": 0.8254224881341186,
        "lr": 0.0005011872886555352
      },
      {
        "epoch": 17.0,
        "train_loss": 1.367289788382394,
        "val_auc_fail": 0.7830018083182639,
        "val_recall_fail": 0.7142857142857143,
        "val_mae_risk": 0.19317106902599335,
        "val_score": 0.8427506673831835,
        "lr": 0.0005011872886555352
      }
    ],
    "best_epoch": 13,
    "best_val_score": 0.8526109076753446,
    "best_val_metrics": {
      "epoch": 13.0,
      "train_loss": 1.4208531493232364,
      "val_auc_fail": 0.7884267631103073,
      "val_recall_fail": 0.7321428571428571,
      "val_mae_risk": 0.19432339072227478,
      "val_score": 0.8526109076753446,
      "lr": 0.0005011872886555352
    },
    "stop_reason": "early_stop_patience=4",
    "thresholds_calibration": {
      "trials": 12,
      "best_score": 1.8,
      "best_planner": {
        "plan_success_rate": 1.0,
        "oracle_safe_rate": 1.0,
        "mean_length_ratio": 1.0,
        "solved_tasks": 24,
        "total_tasks": 24
      },
      "base_thresholds": {
        "edge": 0.75,
        "path_max": 0.8500000238418579,
        "path_avg": 0.44999998807907104
      },
      "selected_thresholds": {
        "edge": 0.75,
        "path_max": 0.8500000238418579,
        "path_avg": 0.44999998807907104
      }
    },