{
  "num_samples": 120,
  "band_counts": {
    "safe": 36,
    "fail": 36,
    "critical": 48
  },
  "label_mean": {
    "y_fail": 0.49166667461395264,
    "q_roll": 0.37878525257110596,
    "q_pitch": 0.3829202651977539,
    "q_slip": 0.2916666567325592,
    "q_lift": 0.019187502562999725,
    "p_bottom": 0.08574999123811722,
    "p_stuck": 0.02500000037252903
  },
  "trigger_counts": {
    "roll>0.9": 6,
    "pitch>0.9": 4,
    "slip>0.8": 35,
    "lift>0.25": 0,
    "bottom>0.2": 25,
    "stuck>=1": 3
  },
  "by_action": {
    "a0": {
      "n": 12,
      "fail_rate": 1.0,
      "slip_trigger_rate": 1.0,
      "bottom_trigger_rate": 0.16666666666666666,
      "stuck_trigger_rate": 0.08333333333333333
    },
    "a1": {
      "n": 13,
      "fail_rate": 1.0,
      "slip_trigger_rate": 1.0,
      "bottom_trigger_rate": 0.07692307692307693,
      "stuck_trigger_rate": 0.15384615384615385
    },
    "a2": {
      "n": 10,
      "fail_rate": 1.0,
      "slip_trigger_rate": 1.0,
      "bottom_trigger_rate": 0.2,
      "stuck_trigger_rate": 0.0
    },
    "a3": {
      "n": 45,
      "fail_rate": 0.2222222222222222,
      "slip_trigger_rate": 0.0,
      "bottom_trigger_rate": 0.17777777777777778,
      "stuck_trigger_rate": 0.0
    },
    "a4": {
      "n": 40,
      "fail_rate": 0.35,
      "slip_trigger_rate": 0.0,
      "bottom_trigger_rate": 0.3,
      "stuck_trigger_rate": 0.0
    }
  },
  "by_motion_model": {
    "ackermann": {
      "n": 53,
      "fail_rate": 0.49056603773584906,
      "slip_trigger_rate": 0.3018867924528302,
      "bottom_trigger_rate": 0.1509433962264151,
      "stuck_trigger_rate": 0.018867924528301886
    },
    "skid": {
      "n": 67,
      "fail_rate": 0.4925373134328358,
      "slip_trigger_rate": 0.2835820895522388,
      "bottom_trigger_rate": 0.2537313432835821,
      "stuck_trigger_rate": 0.029850746268656716
    }
  },
  "diagnosis": {
    "root_cause_type": "mixed",
    "code_score": 38,
    "config_score": 31
  }
}