{
  "config": {
    "num_samples": 30,
    "mu": 0.8,
    "seed": 20260427,
    "backend": "ros_gz",
    "num_workers_stage1": 1,
    "num_workers_stage2": 4,
    "mismatch_tol": 0.25
  },
  "stage1": {
    "stage": "stage1_n1",
    "num_rows": 30,
    "ok_rows": 30,
    "runtime_failure_rows": 0,
    "first_run_fail_rate": 0.0,
    "replay_fail_rate": 0.0,
    "class_mismatch_rate": 0.0,
    "label_mismatch_rate": 0.0,
    "metric_mismatch_rate": 0.0,
    "terrain_H_std": 0.0,
    "terrain_H_range": 0.0,
    "mismatch_rows": [],
    "metric_diff_summary": {
      "q_roll": {
        "mean": 0.001536674433719334,
        "p50": 0.0010764224385982702,
        "p95": 0.0040438487829700265,
        "max": 0.004637682713324686
      },
      "q_pitch": {
        "mean": 0.0017763375557659983,
        "p50": 0.0014051183827810659,
        "p95": 0.004083051218851253,
        "max": 0.005622858094237784
      },
      "q_slip": {
        "mean": 0.04926660215482117,
        "p50": 0.01821217089891436,
        "p95": 0.16461276262998584,
        "max": 0.16761169042438268
      },
      "q_lift": {
        "mean": 0.0,
        "p50": 0.0,
        "p95": 0.0,
        "max": 0.0
      },
      "p_bottom": {
        "mean": 0.0,
        "p50": 0.0,
        "p95": 0.0,
        "max": 0.0
      },
      "p_stuck": {
        "mean": 0.0,
        "p50": 0.0,
        "p95": 0.0,
        "max": 0.0
      }
    },
    "debug_summary": {
      "label_buffer_reset_delta_mean": 2.0,
      "label_buffer_reset_delta_unique": [
        2.0
      ],
      "sample_start_time_min": 0.14400000000000002,
      "sample_start_time_max": 130.608,
      "message_time_min": 0.14400000000000002,
      "message_time_max": 132.592
    }
  },
  "stage2": {
    "stage": "stage2_n4",
    "num_rows": 30,
    "ok_rows": 30,
    "runtime_failure_rows": 0,
    "first_run_fail_rate": 0.0,
    "replay_fail_rate": 0.0,
    "class_mismatch_rate": 0.0,
    "label_mismatch_rate": 0.0,
    "metric_mismatch_rate": 0.0,
    "terrain_H_std": 0.0,
    "terrain_H_range": 0.0,
    "mismatch_rows": [],
    "metric_diff_summary": {
      "q_roll": {
        "mean": 0.001227589477642149,
        "p50": 0.000912318539351184,
        "p95": 0.003252558410941955,
        "max": 0.0033411826333881187
      },
      "q_pitch": {
        "mean": 0.0015810121376109063,
        "p50": 0.001448056223894237,
        "p95": 0.0042732346649577545,
        "max": 0.00462843112158753
      },
      "q_slip": {
        "mean": 0.033430940595765915,
        "p50": 0.029472970962524353,
        "p95": 0.07577183395624157,
        "max": 0.09074174463748932
      },
      "q_lift": {
        "mean": 0.0,
        "p50": 0.0,
        "p95": 0.0,
        "max": 0.0
      },
      "p_bottom": {
        "mean": 0.0,
        "p50": 0.0,
        "p95": 0.0,
        "max": 0.0
      },
      "p_stuck": {
        "mean": 0.0,
        "p50": 0.0,
        "p95": 0.0,
        "max": 0.0
      }
    },
    "debug_summary": {
      "label_buffer_reset_delta_mean": 2.0,
      "label_buffer_reset_delta_unique": [
        2.0
      ],
      "sample_start_time_min": 0.14400000000000002,
      "sample_start_time_max": 33.388,
      "message_time_min": 0.14400000000000002,
      "message_time_max": 35.372
    }
  },
  "stage1_pass": true,
  "stage2_ran": true
}