{
  "total_samples": 5,
  "band_counts": {
    "safe": 0,
    "fail": 5,
    "critical": 0
  },
  "band_ratio": {
    "safe": 0.0,
    "fail": 1.0,
    "critical": 0.0
  },
  "label_mean": [
    1.0,
    0.6673042178153992,
    0.7333013415336609,
    0.800000011920929,
    0.9835000038146973,
    0.0,
    0.0
  ],
  "label_max": [
    1.0,
    1.0,
    1.0,
    1.0,
    1.0,
    0.0,
    0.0
  ],
  "label_min": [
    1.0,
    0.1428288221359253,
    0.44100937247276306,
    0.0,
    0.9449999928474426,
    0.0,
    0.0
  ]
}