{
  "total_samples": 20,
  "band_counts": {
    "safe": 3,
    "fail": 17,
    "critical": 0
  },
  "band_ratio": {
    "safe": 0.15,
    "fail": 0.85,
    "critical": 0.0
  },
  "label_mean": [
    0.8500000238418579,
    0.3206294775009155,
    0.2815656363964081,
    0.550000011920929,
    0.0182499997317791,
    0.75,
    0.20000000298023224
  ],
  "label_max": [
    1.0,
    1.0,
    0.6449439525604248,
    1.0,
    0.032499998807907104,
    1.0,
    1.0
  ],
  "label_min": [
    0.0,
    0.03269065544009209,
    0.019003786146640778,
    0.0,
    0.004999999888241291,
    0.0,
    0.0
  ]
}