{
  "model_path": "ml25d_ws/data/training_runs/cnn_pso_dataset_v1_20k/pso/best_model.pt",
  "report_path": "ml25d_ws/data/training_runs/cnn_pso_dataset_v1_20k/pso/training_report.json",
  "dataset_pattern": "ml25d_ws/data/generated_dataset_v1_20k_n6_comp/shard_*/samples_batch_*.h5",
  "seed": 20260425,
  "candidates": 200,
  "base_thresholds": {
    "edge": 0.4000000059604645,
    "path_max": 0.8729701042175293,
    "path_avg": 0.3586238622665405
  },
  "best_thresholds": {
    "edge": 0.700981414269644,
    "path_max": 0.9,
    "path_avg": 0.48597254778631305
  },
  "base_val": {
    "plan_success_rate": 0.76,
    "oracle_safe_rate": 0.765,
    "mean_length_ratio": 1.0116076560581757,
    "solved_tasks": 306,
    "total_tasks": 400
  },
  "best_val": {
    "plan_success_rate": 0.99,
    "oracle_safe_rate": 0.99,
    "mean_length_ratio": 1.0,
    "solved_tasks": 396,
    "total_tasks": 400
  },
  "base_test": {
    "plan_success_rate": 0.8200000000000001,
    "oracle_safe_rate": 0.8233333333333335,
    "mean_length_ratio": 1.0090459509399126,
    "solved_tasks": 494,
    "total_tasks": 600
  },
  "best_test": {
    "plan_success_rate": 0.9800000000000001,
    "oracle_safe_rate": 0.9800000000000001,
    "mean_length_ratio": 1.0,
    "solved_tasks": 588,
    "total_tasks": 600
  },
  "base_score_val": 1.369678468788365,
  "best_score_val": 1.782,
  "base_score_test": 1.4768574764786844,
  "best_score_test": 1.7640000000000002
}