{
  "num": 90,
  "pass": 83,
  "fail": 7,
  "fail_rate": 0.07777777777777778,
  "fail_bottom_before_action_rate": 0.42857142857142855,
  "fail_lift_before_action_rate": 0.42857142857142855,
  "fail_message_time_valid_rate": 1.0,
  "fail_contact_geom_ready_mean": 0.0,
  "fail_contact_geom_ready_p95": 0.0,
  "fail_contact_fresh_mean": 1.0,
  "fail_contact_fresh_p95": 1.0,
  "fail_odom_msg_fresh_mean": 1.0,
  "fail_odom_msg_fresh_p95": 1.0,
  "fail_roll_error_gate_deg_mean": 0.3710260935134096,
  "fail_roll_error_gate_deg_p95": 1.392839416925834,
  "fail_pitch_error_gate_deg_mean": 1.1377089840419485,
  "fail_pitch_error_gate_deg_p95": 3.756065650155894,
  "fail_wheel_clearance_min_mean": -0.014012521132826805,
  "fail_wheel_clearance_min_p95": 0.024361598864197725,
  "fail_wheel_clearance_max_mean": 0.03825733158737421,
  "fail_wheel_clearance_max_p95": 0.07618694826960563,
  "fail_chassis_min_clearance_mean": 0.08461144207311529,
  "fail_chassis_min_clearance_p95": 0.26318608820438383,
  "fail_by_terrain": {
    "mixed_random": 4,
    "steps": 2,
    "uniform_slope": 1
  },
  "fail_by_vehicle": {
    "urban_small": 3,
    "standard_offroad": 3,
    "mountain_large": 1
  }
}