{
  "meta": {
    "seed": 20260426,
    "repeats": 2,
    "vehicles": [
      "city_small",
      "offroad_medium",
      "mountain_large"
    ],
    "terrains": [
      "slope_forward_20deg",
      "cross_slope_20deg"
    ],
    "sample_count": 12,
    "combo_count": 6
  },
  "rows": [
    {
      "vehicle_type": "city_small",
      "terrain_type": "slope_forward_20deg",
      "gate_pass_rate": 1.0,
      "initialization_invalid_rate": 0.0,
      "settle_time_mean": 0.14797898599999826,
      "settle_time_p95": 0.14824287320011537,
      "roll_expected_mean": 2.0393448810614664e-15,
      "roll_actual_mean": 0.0,
      "roll_error_world_mean": 2.0393448810614664e-15,
      "roll_error_world_p95": 2.166418728163986e-15,
      "roll_error_gate_mean": 0.0,
      "roll_error_gate_p95": 0.0,
      "pitch_expected_mean": -24.463768183263966,
      "pitch_actual_mean": 0.0,
      "pitch_error_world_mean": 24.463768183263966,
      "pitch_error_world_p95": 24.463768183263966,
      "pitch_error_gate_mean": 0.0,
      "pitch_error_gate_p95": 0.0,
      "linear_speed_mean": 1.0341793408394188e-05,
      "linear_speed_p95": 1.4462928389743449e-05,
      "angular_speed_mean": 3.5287131241700874e-08,
      "angular_speed_p95": 5.742082167772035e-08,
      "bottom_before_action_rate": 0.0,
      "lift_before_action_rate": 0.0,
      "message_time_valid_rate": 1.0,
      "error_distribution": {
        "none": 2
      }
    },
    {
      "vehicle_type": "city_small",
      "terrain_type": "cross_slope_20deg",
      "gate_pass_rate": 1.0,
      "initialization_invalid_rate": 0.0,
      "settle_time_mean": 0.14821461100018496,
      "settle_time_p95": 0.14823958330007372,
      "roll_expected_mean": 15.088615952102455,
      "roll_actual_mean": 0.0,
      "roll_error_world_mean": 15.088615952102455,
      "roll_error_world_p95": 15.088615952102455,
      "roll_error_gate_mean": 0.0,
      "roll_error_gate_p95": 0.0,
      "pitch_expected_mean": 3.86853599195587e-15,
      "pitch_actual_mean": 0.0,
      "pitch_error_world_mean": 3.86853599195587e-15,
      "pitch_error_world_p95": 3.86853599195587e-15,
      "pitch_error_gate_mean": 0.0,
      "pitch_error_gate_p95": 0.0,
      "linear_speed_mean": 0.00022608810832025478,
      "linear_speed_p95": 0.00022608810832025478,
      "angular_speed_mean": 0.006666203423972344,
      "angular_speed_p95": 0.006666203423972344,
      "bottom_before_action_rate": 0.0,
      "lift_before_action_rate": 0.0,
      "message_time_valid_rate": 1.0,
      "error_distribution": {
        "none": 2
      }
    },
    {
      "vehicle_type": "offroad_medium",
      "terrain_type": "slope_forward_20deg",
      "gate_pass_rate": 1.0,
      "initialization_invalid_rate": 0.0,
      "settle_time_mean": 0.18828316799977074,
      "settle_time_p95": 0.18855485009992207,
      "roll_expected_mean": 2.5189744596356563e-15,
      "roll_actual_mean": 0.0,
      "roll_error_world_mean": 2.5189744596356563e-15,
      "roll_error_world_p95": 2.5189744596356563e-15,
      "roll_error_gate_mean": 0.0,
      "roll_error_gate_p95": 0.0,
      "pitch_expected_mean": -16.872997123786817,
      "pitch_actual_mean": 0.0,
      "pitch_error_world_mean": 16.872997123786817,
      "pitch_error_world_p95": 16.872997123786817,
      "pitch_error_gate_mean": 0.0,
      "pitch_error_gate_p95": 0.0,
      "linear_speed_mean": 0.00020526473235804593,
      "linear_speed_p95": 0.00020526473235804593,
      "angular_speed_mean": 0.006143080953071699,
      "angular_speed_p95": 0.006143080953071699,
      "bottom_before_action_rate": 0.0,
      "lift_before_action_rate": 0.0,
      "message_time_valid_rate": 1.0,
      "error_distribution": {
        "none": 2
      }
    },
    {
      "vehicle_type": "offroad_medium",
      "terrain_type": "cross_slope_20deg",
      "gate_pass_rate": 1.0,
      "initialization_invalid_rate": 0.0,
      "settle_time_mean": 0.1924053375000767,
      "settle_time_p95": 0.19242221114986932,
      "roll_expected_mean": 19.772331710403424,
      "roll_actual_mean": 0.0,
      "roll_error_world_mean": 19.772331710403424,
      "roll_error_world_p95": 19.772331710403424,
      "roll_error_gate_mean": 0.0,
      "roll_error_gate_p95": 0.0,
      "pitch_expected_mean": 2.576942436204149e-16,
      "pitch_actual_mean": 0.0,
      "pitch_error_world_mean": 2.576942436204149e-16,
      "pitch_error_world_p95": 4.896190628787883e-16,
      "pitch_error_gate_mean": 0.0,
      "pitch_error_gate_p95": 0.0,
      "linear_speed_mean": 0.00014463390925811836,
      "linear_speed_p95": 0.0002748044275904249,
      "angular_speed_mean": 4.5384908451455514e-08,
      "angular_speed_p95": 8.623132605776547e-08,
      "bottom_before_action_rate": 0.0,
      "lift_before_action_rate": 0.0,
      "message_time_valid_rate": 1.0,
      "error_distribution": {
        "none": 2
      }
    },
    {
      "vehicle_type": "mountain_large",
      "terrain_type": "slope_forward_20deg",
      "gate_pass_rate": 1.0,
      "initialization_invalid_rate": 0.0,
      "settle_time_mean": 0.21275377899974046,
      "settle_time_p95": 0.2127786693996768,
      "roll_expected_mean": 0.0,
      "roll_actual_mean": 0.0,
      "roll_error_world_mean": 0.0,
      "roll_error_world_p95": 0.0,
      "roll_error_gate_mean": 0.0,
      "roll_error_gate_p95": 0.0,
      "pitch_expected_mean": -19.403754360406367,
      "pitch_actual_mean": 0.0,
      "pitch_error_world_mean": 19.403754360406367,
      "pitch_error_world_p95": 19.403754360406367,
      "pitch_error_gate_mean": 0.0,
      "pitch_error_gate_p95": 0.0,
      "linear_speed_mean": 0.0,
      "linear_speed_p95": 0.0,
      "angular_speed_mean": 0.0,
      "angular_speed_p95": 0.0,
      "bottom_before_action_rate": 0.0,
      "lift_before_action_rate": 0.0,
      "message_time_valid_rate": 1.0,
      "error_distribution": {
        "none": 2
      }
    },
    {
      "vehicle_type": "mountain_large",
      "terrain_type": "cross_slope_20deg",
      "gate_pass_rate": 1.0,
      "initialization_invalid_rate": 0.0,
      "settle_time_mean": 0.2087983485002951,
      "settle_time_p95": 0.20904675705019143,
      "roll_expected_mean": 16.389524328592753,
      "roll_actual_mean": 0.0,
      "roll_error_world_mean": 16.38952432859275,
      "roll_error_world_p95": 16.38952432859275,
      "roll_error_gate_mean": 0.0,
      "roll_error_gate_p95": 0.0,
      "pitch_expected_mean": 0.0,
      "pitch_actual_mean": 0.0,
      "pitch_error_world_mean": 0.0,
      "pitch_error_world_p95": 0.0,
      "pitch_error_gate_mean": 0.0,
      "pitch_error_gate_p95": 0.0,
      "linear_speed_mean": 0.0,
      "linear_speed_p95": 0.0,
      "angular_speed_mean": 0.0,
      "angular_speed_p95": 0.0,
      "bottom_before_action_rate": 0.0,
      "lift_before_action_rate": 0.0,
      "message_time_valid_rate": 1.0,
      "error_distribution": {
        "none": 2
      }
    }
  ]
}