{
  "stage": "stage1_n1",
  "num_rows": 30,
  "ok_rows": 30,
  "runtime_failure_rows": 0,
  "first_run_fail_rate": 0.0,
  "replay_fail_rate": 0.0,
  "class_mismatch_rate": 0.0,
  "label_mismatch_rate": 0.0,
  "metric_mismatch_rate": 0.0,
  "terrain_H_std": 0.0,
  "terrain_H_range": 0.0,
  "mismatch_rows": [],
  "metric_diff_summary": {
    "q_roll": {
      "mean": 0.001536674433719334,
      "p50": 0.0010764224385982702,
      "p95": 0.0040438487829700265,
      "max": 0.004637682713324686
    },
    "q_pitch": {
      "mean": 0.0017763375557659983,
      "p50": 0.0014051183827810659,
      "p95": 0.004083051218851253,
      "max": 0.005622858094237784
    },
    "q_slip": {
      "mean": 0.04926660215482117,
      "p50": 0.01821217089891436,
      "p95": 0.16461276262998584,
      "max": 0.16761169042438268
    },
    "q_lift": {
      "mean": 0.0,
      "p50": 0.0,
      "p95": 0.0,
      "max": 0.0
    },
    "p_bottom": {
      "mean": 0.0,
      "p50": 0.0,
      "p95": 0.0,
      "max": 0.0
    },
    "p_stuck": {
      "mean": 0.0,
      "p50": 0.0,
      "p95": 0.0,
      "max": 0.0
    }
  },
  "debug_summary": {
    "label_buffer_reset_delta_mean": 2.0,
    "label_buffer_reset_delta_unique": [
      2.0
    ],
    "sample_start_time_min": 0.14400000000000002,
    "sample_start_time_max": 130.608,
    "message_time_min": 0.14400000000000002,
    "message_time_max": 132.592
  }
}