{
  "meta": {
    "seed": 20260426,
    "repeats": 2,
    "vehicles": [
      "city_small",
      "offroad_medium",
      "mountain_large"
    ],
    "terrains": [
      "slope_forward_20deg",
      "cross_slope_20deg"
    ],
    "sample_count": 12,
    "combo_count": 6
  },
  "rows": [
    {
      "vehicle_type": "city_small",
      "terrain_type": "slope_forward_20deg",
      "gate_pass_rate": 1.0,
      "initialization_invalid_rate": 0.0,
      "settle_time_mean": 0.04255061900016699,
      "settle_time_p95": 0.043926761300031106,
      "roll_expected_mean": -1.3323814121230985e-15,
      "roll_actual_mean": 0.0,
      "roll_error_world_mean": 3.832913934823999e-15,
      "roll_error_world_p95": 5.032057205734788e-15,
      "roll_error_gate_mean": 0.0,
      "roll_error_gate_p95": 0.0,
      "pitch_expected_mean": -24.46376818326396,
      "pitch_actual_mean": 0.0,
      "pitch_error_world_mean": 24.463768183263966,
      "pitch_error_world_p95": 24.463768183263966,
      "pitch_error_gate_mean": 0.0,
      "pitch_error_gate_p95": 0.0,
      "linear_speed_mean": 0.0002037512749666348,
      "linear_speed_p95": 0.0002677788030268857,
      "angular_speed_mean": 0.0003940736254056297,
      "angular_speed_p95": 0.000533286632465509,
      "bottom_before_action_rate": 0.0,
      "lift_before_action_rate": 0.0,
      "message_time_valid_rate": 1.0,
      "error_distribution": {
        "none": 2
      }
    },
    {
      "vehicle_type": "city_small",
      "terrain_type": "cross_slope_20deg",
      "gate_pass_rate": 1.0,
      "initialization_invalid_rate": 0.0,
      "settle_time_mean": 0.08224229699976604,
      "settle_time_p95": 0.10912785029984207,
      "roll_expected_mean": 15.088615952102453,
      "roll_actual_mean": 0.0,
      "roll_error_world_mean": 15.088615952102453,
      "roll_error_world_p95": 15.088615952102455,
      "roll_error_gate_mean": 0.0,
      "roll_error_gate_p95": 0.0,
      "pitch_expected_mean": 5.901090808784302e-16,
      "pitch_actual_mean": 0.0,
      "pitch_error_world_mean": 1.2843682143005077e-15,
      "pitch_error_world_p95": 1.815466387091095e-15,
      "pitch_error_gate_mean": 0.0,
      "pitch_error_gate_p95": 0.0,
      "linear_speed_mean": 0.00022767837108972344,
      "linear_speed_p95": 0.00042874013091989124,
      "angular_speed_mean": 0.00775480615718354,
      "angular_speed_p95": 0.014734113096071469,
      "bottom_before_action_rate": 0.0,
      "lift_before_action_rate": 0.0,
      "message_time_valid_rate": 1.0,
      "error_distribution": {
        "none": 2
      }
    },
    {
      "vehicle_type": "offroad_medium",
      "terrain_type": "slope_forward_20deg",
      "gate_pass_rate": 1.0,
      "initialization_invalid_rate": 0.0,
      "settle_time_mean": 0.12023916599991935,
      "settle_time_p95": 0.12033201719982571,
      "roll_expected_mean": 7.639262525373588e-15,
      "roll_actual_mean": 0.0,
      "roll_error_world_mean": 7.639262525373588e-15,
      "roll_error_world_p95": 1.0267664213334216e-14,
      "roll_error_gate_mean": 0.0,
      "roll_error_gate_p95": 0.0,
      "pitch_expected_mean": -16.872997123786817,
      "pitch_actual_mean": 0.0,
      "pitch_error_world_mean": 16.872997123786817,
      "pitch_error_world_p95": 16.87299712378682,
      "pitch_error_gate_mean": 0.0,
      "pitch_error_gate_p95": 0.0,
      "linear_speed_mean": 4.2618228690116666e-05,
      "linear_speed_p95": 5.5670721894784944e-05,
      "angular_speed_mean": 8.794999033583522e-07,
      "angular_speed_p95": 1.4696240247792089e-06,
      "bottom_before_action_rate": 0.0,
      "lift_before_action_rate": 0.0,
      "message_time_valid_rate": 1.0,
      "error_distribution": {
        "none": 2
      }
    },
    {
      "vehicle_type": "offroad_medium",
      "terrain_type": "cross_slope_20deg",
      "gate_pass_rate": 1.0,
      "initialization_invalid_rate": 0.0,
      "settle_time_mean": 0.0943317714998102,
      "settle_time_p95": 0.11762633784981062,
      "roll_expected_mean": 19.772331710403417,
      "roll_actual_mean": 0.0,
      "roll_error_world_mean": 19.772331710403417,
      "roll_error_world_p95": 19.772331710403417,
      "roll_error_gate_mean": 0.0,
      "roll_error_gate_p95": 0.0,
      "pitch_expected_mean": 1.6711792061797516e-15,
      "pitch_actual_mean": 0.0,
      "pitch_error_world_mean": 1.6711792061797516e-15,
      "pitch_error_world_p95": 2.201651815825396e-15,
      "pitch_error_gate_mean": 0.0,
      "pitch_error_gate_p95": 0.0,
      "linear_speed_mean": 0.0001869505908036473,
      "linear_speed_p95": 0.0002238409644155226,
      "angular_speed_mean": 0.0009158916679779602,
      "angular_speed_p95": 0.0011040614474693918,
      "bottom_before_action_rate": 0.0,
      "lift_before_action_rate": 0.0,
      "message_time_valid_rate": 1.0,
      "error_distribution": {
        "none": 2
      }
    },
    {
      "vehicle_type": "mountain_large",
      "terrain_type": "slope_forward_20deg",
      "gate_pass_rate": 1.0,
      "initialization_invalid_rate": 0.0,
      "settle_time_mean": 0.09026557850006611,
      "settle_time_p95": 0.11735191055033738,
      "roll_expected_mean": -2.0999542399128168e-16,
      "roll_actual_mean": 0.0,
      "roll_error_world_mean": 2.0999542399128168e-16,
      "roll_error_world_p95": 3.989913055834352e-16,
      "roll_error_gate_mean": 0.0,
      "roll_error_gate_p95": 0.0,
      "pitch_expected_mean": -19.403754360406374,
      "pitch_actual_mean": 0.0,
      "pitch_error_world_mean": 19.403754360406378,
      "pitch_error_world_p95": 19.40375436040639,
      "pitch_error_gate_mean": 0.0,
      "pitch_error_gate_p95": 0.0,
      "linear_speed_mean": 4.382699103189225e-05,
      "linear_speed_p95": 8.327128296059527e-05,
      "angular_speed_mean": 0.0003198315762684042,
      "angular_speed_p95": 0.000607679994909968,
      "bottom_before_action_rate": 0.0,
      "lift_before_action_rate": 0.0,
      "message_time_valid_rate": 1.0,
      "error_distribution": {
        "none": 2
      }
    },
    {
      "vehicle_type": "mountain_large",
      "terrain_type": "cross_slope_20deg",
      "gate_pass_rate": 1.0,
      "initialization_invalid_rate": 0.0,
      "settle_time_mean": 0.12049952800020947,
      "settle_time_p95": 0.12066502900022442,
      "roll_expected_mean": 16.389524328592753,
      "roll_actual_mean": 0.0,
      "roll_error_world_mean": 16.38952432859275,
      "roll_error_world_p95": 16.38952432859275,
      "roll_error_gate_mean": 0.0,
      "roll_error_gate_p95": 0.0,
      "pitch_expected_mean": 0.0,
      "pitch_actual_mean": 0.0,
      "pitch_error_world_mean": 0.0,
      "pitch_error_world_p95": 0.0,
      "pitch_error_gate_mean": 0.0,
      "pitch_error_gate_p95": 0.0,
      "linear_speed_mean": 0.0,
      "linear_speed_p95": 0.0,
      "angular_speed_mean": 0.0,
      "angular_speed_p95": 0.0,
      "bottom_before_action_rate": 0.0,
      "lift_before_action_rate": 0.0,
      "message_time_valid_rate": 1.0,
      "error_distribution": {
        "none": 2
      }
    }
  ]
}