{
  "seed": 20260425,
  "device": "cuda",
  "channel_stats": {
    "mean": [
      0.0010663680732250214,
      -0.002014646539464593,
      0.00017750574625097215,
      0.018033256754279137,
      0.0291786827147007,
      0.05023650825023651
    ],
    "std": [
      0.21076847612857819,
      0.19510561227798462,
      0.18888670206069946,
      0.012630456127226353,
      0.16570402681827545,
      0.21337097883224487
    ]
  },
  "baseline_particle": [
    1.0,
    1.0,
    2.0,
    0.11999999731779099,
    -3.299999952316284,
    -4.5,
    1.5,
    1.0,
    1.0,
    1.2000000476837158,
    1.0,
    1.0,
    1.0,
    1.0,
    1.0,
    1.0,
    1.0,
    0.75,
    0.8500000238418579,
    0.44999998807907104
  ],
  "final": {
    "model_path": "data/training_runs/cnn_pso_dataset_v1_20k/baseline/best_model.pt",
    "model_config": {
      "conv_channels": [
        16,
        32,
        64
      ],
      "param_hidden": 64,
      "fusion_hidden": 96,
      "dropout": 0.11999999731779099
    },
    "train_config": {
      "lr": 0.0005011872886555352,
      "weight_decay": 3.1622776601683795e-05
    },
    "loss_weights": {
      "fail": 1.5,
      "bottom": 1.0,
      "stuck": 1.0,
      "risk": 1.2000000476837158
    },
    "fusion_weights": [
      0.14285714285714285,
      0.14285714285714285,
      0.14285714285714285,
      0.14285714285714285,
      0.14285714285714285,
      0.14285714285714285,
      0.14285714285714285
    ],
    "thresholds": {
      "edge": 0.75,
      "path_max": 0.8500000238418579,
      "path_avg": 0.44999998807907104
    },
    "train_losses": [
      1.8054439665930613,
      1.4240521060398648,
      1.3983074866703578,
      1.3742236542020525,
      1.3608784589767455,
      1.345682708603995,
      1.3414064944131034,
      1.3365943363734654,
      1.330705396107265,
      1.3265789236341203,
      1.3240024275098528,
      1.3196219254221235,
      1.309630815914699,
      1.3073459959030151,
      1.3057805893761771,
      1.3011349421909877,
      1.298953689302717,
      1.2948079878943306,
      1.2924802692958286,
      1.2896101822171893,
      1.2918024729319981,
      1.2922937491280693,
      1.2855105743408204,
      1.2910399139949253,
      1.2825553428104945
    ],
    "val_history": [
      {
        "epoch": 1.0,
        "train_loss": 1.8054439665930613,
        "val_auc_fail": 0.8290795089188663,
        "val_recall_fail": 0.6168674698795181,
        "val_mae_risk": 0.183603897690773,
        "val_score": 0.8672566317301034,
        "lr": 0.0005011872886555352
      },
      {
        "epoch": 2.0,
        "train_loss": 1.4240521060398648,
        "val_auc_fail": 0.8361267291387773,
        "val_recall_fail": 0.5783132530120482,
        "val_mae_risk": 0.17772339284420013,
        "val_score": 0.8674419907670317,
        "lr": 0.0005011872886555352
      },
      {
        "epoch": 3.0,
        "train_loss": 1.3983074866703578,
        "val_auc_fail": 0.8398393574297189,
        "val_recall_fail": 0.6811244979919678,
        "val_mae_risk": 0.17593196034431458,
        "val_score": 0.9034311385518576,
        "lr": 0.0005011872886555352
      },
      {
        "epoch": 4.0,
        "train_loss": 1.3742236542020525,
        "val_auc_fail": 0.8439950113845698,
        "val_recall_fail": 0.6546184738955824,
        "val_mae_risk": 0.17177899181842804,
        "val_score": 0.902957360098502,
        "lr": 0.0005011872886555352
      },
      {
        "epoch": 5.0,
        "train_loss": 1.3608784589767455,
        "val_auc_fail": 0.8461744413551642,
        "val_recall_fail": 0.7309236947791165,
        "val_mae_risk": 0.1713292896747589,
        "val_score": 0.928388118049092,
        "lr": 0.0005011872886555352
      },
      {
        "epoch": 6.0,
        "train_loss": 1.345682708603995,
        "val_auc_fail": 0.8505795260815341,
        "val_recall_fail": 0.6080321285140562,
        "val_mae_risk": 0.16675585508346558,
        "val_score": 0.8995844805689786,
        "lr": 0.0005011872886555352
      },
      {
        "epoch": 7.0,
        "train_loss": 1.3414064944131034,
        "val_auc_fail": 0.8510843373493975,
        "val_recall_fail": 0.7654618473895582,
        "val_mae_risk": 0.1664547324180603,
        "val_score": 0.9475591056318168,
        "lr": 0.0005011872886555352
      },
      {
        "epoch": 8.0,
        "train_loss": 1.3365943363734654,
        "val_auc_fail": 0.8520097483952906,
        "val_recall_fail": 0.7228915662650602,
        "val_mae_risk": 0.1672537922859192,
        "val_score": 0.9350741844460734,
        "lr": 0.0005011872886555352
      },
      {
        "epoch": 9.0,
        "train_loss": 1.330705396107265,
        "val_auc_fail": 0.8544486779024932,
        "val_recall_fail": 0.7116465863453815,
        "val_mae_risk": 0.16682349145412445,
        "val_score": 0.9344838606428081,
        "lr": 0.0005011872886555352
      },
      {
        "epoch": 10.0,
        "train_loss": 1.3265789236341203,
        "val_auc_fail": 0.8553205414249591,
        "val_recall_fail": 0.6859437751004016,
        "val_mae_risk": 0.16381984949111938,
        "val_score": 0.9300477943621839,
        "lr": 0.0005011872886555352
      },
      {
        "epoch": 11.0,
        "train_loss": 1.3240024275098528,
        "val_auc_fail": 0.8536097667021363,
        "val_recall_fail": 0.6666666666666666,
        "val_mae_risk": 0.16580745577812195,
        "val_score": 0.9209638020796387,
        "lr": 0.0005011872886555352
      },
      {
        "epoch": 12.0,
        "train_loss": 1.3196219254221235,
        "val_auc_fail": 0.854507717479605,
        "val_recall_fail": 0.5742971887550201,
        "val_mae_risk": 0.16507698595523834,
        "val_score": 0.8947352853419204,
        "lr": 0.0005011872886555352
      },
      {
        "epoch": 13.0,
        "train_loss": 1.309630815914699,
        "val_auc_fail": 0.8564930948866692,
        "val_recall_fail": 0.689156626506024,
        "val_mae_risk": 0.16280406713485718,
        "val_score": 0.9329968291305908,
        "lr": 0.0002505936443277676
      },
      {
        "epoch": 14.0,
        "train_loss": 1.3073459959030151,
        "val_auc_fail": 0.8556313001292921,
        "val_recall_fail": 0.6586345381526104,
        "val_mae_risk": 0.16355672478675842,
        "val_score": 0.9223762817456687,
        "lr": 0.0002505936443277676
      },
      {
        "epoch": 15.0,
        "train_loss": 1.3057805893761771,
        "val_auc_fail": 0.8561191775649609,
        "val_recall_fail": 0.6771084337349398,
        "val_mae_risk": 0.16409695148468018,
        "val_score": 0.9279741464976987,
        "lr": 0.0002505936443277676
      },
      {
        "epoch": 16.0,
        "train_loss": 1.3011349421909877,
        "val_auc_fail": 0.857244133228069,
        "val_recall_fail": 0.6706827309236948,
        "val_mae_risk": 0.16316905617713928,
        "val_score": 0.927913707563466,
        "lr": 0.0002505936443277676
      },
      {
        "epoch": 17.0,
        "train_loss": 1.298953689302717,
        "val_auc_fail": 0.8555864483575328,
        "val_recall_fail": 0.6827309236947792,
        "val_mae_risk": 0.16328661143779755,
        "val_score": 0.9297764363157286,
        "lr": 0.0002505936443277676
      },
      {
        "epoch": 18.0,
        "train_loss": 1.2948079878943306,
        "val_auc_fail": 0.8571434455771804,
        "val_recall_fail": 0.6730923694779116,
        "val_mae_risk": 0.16312190890312195,
        "val_score": 0.9285736292980564,
        "lr": 0.0001252968221638838
      },
      {
        "epoch": 19.0,
        "train_loss": 1.2924802692958286,
        "val_auc_fail": 0.8581567294820307,
        "val_recall_fail": 0.7228915662650602,
        "val_mae_risk": 0.16328740119934082,
        "val_score": 0.9443942784020761,
        "lr": 0.0001252968221638838
      },
      {
        "epoch": 20.0,
        "train_loss": 1.2896101822171893,
        "val_auc_fail": 0.8570445886108536,