{
  "seed": 20260425,
  "device": "cpu",
  "channel_stats": {
    "mean": [
      0.0011061618570238352,
      0.009473232552409172,
      -0.003805079497396946,
      0.017254166305065155,
      0.029329568147659302,
      0.05027253180742264
    ],
    "std": [
      0.20907872915267944,
      0.19093717634677887,
      0.1861625462770462,
      0.012751826085150242,
      0.16900800168514252,
      0.21864786744117737
    ]
  },
  "baseline_particle": [
    1.0,
    1.0,
    2.0,
    0.11999999731779099,
    -3.299999952316284,
    -4.5,
    1.5,
    1.0,
    1.0,
    1.2000000476837158,
    1.0,
    1.0,
    1.0,
    1.0,
    1.0,
    1.0,
    1.0,
    0.75,
    0.8500000238418579,
    0.44999998807907104
  ],
  "final": {
    "model_path": "ml25d_ws/data/training_runs/smoke_train_after_tune/baseline/best_model.pt",
    "model_config": {
      "conv_channels": [
        16,
        32,
        64
      ],
      "param_hidden": 64,
      "fusion_hidden": 96,
      "dropout": 0.11999999731779099
    },
    "train_config": {
      "lr": 0.0005011872886555352,
      "weight_decay": 3.1622776601683795e-05
    },
    "loss_weights": {
      "fail": 1.5,
      "bottom": 1.0,
      "stuck": 1.0,
      "risk": 1.2000000476837158
    },
    "fusion_weights": [
      0.14285714285714285,
      0.14285714285714285,
      0.14285714285714285,
      0.14285714285714285,
      0.14285714285714285,
      0.14285714285714285,
      0.14285714285714285
    ],
    "thresholds": {
      "edge": 0.75,
      "path_max": 0.8500000238418579,
      "path_avg": 0.44999998807907104
    },
    "train_losses": [
      2.812574372972761,
      2.610882820401873,
      2.4054242769877114,
      2.201221813474383,
      1.9829499630700975,
      1.7547358172280447,
      1.5911607844488962,
      1.5074335143679665,
      1.460710070246742,
      1.426119668143136,
      1.3946633497873941,
      1.407964427130563,
      1.3732491981415522,
      1.3506158851441883,
      1.3535398301624118,
      1.3435507195336478,
      1.3381764440309434,
      1.3131145443235124,
      1.3123407908848355,
      1.2907806691669284
    ],
    "val_history": [
      {
        "epoch": 1.0,
        "train_loss": 2.812574372972761,
        "val_auc_fail": 0.8271290158082611,
        "val_recall_fail": 1.0,
        "val_mae_risk": 0.40751704573631287,
        "val_score": 0.8011153792192109,
        "lr": 0.0005011872886555352
      },
      {
        "epoch": 2.0,
        "train_loss": 2.610882820401873,
        "val_auc_fail": 0.8408975012748598,
        "val_recall_fail": 0.8108108108108109,
        "val_mae_risk": 0.3926536738872528,
        "val_score": 0.7700178054083008,
        "lr": 0.0005011872886555352
      },
      {
        "epoch": 3.0,
        "train_loss": 2.4054242769877114,
        "val_auc_fail": 0.8357980622131566,
        "val_recall_fail": 0.8108108108108109,
        "val_mae_risk": 0.36449533700942993,
        "val_score": 0.7874450358488558,
        "lr": 0.0005011872886555352
      },
      {
        "epoch": 4.0,
        "train_loss": 2.201221813474383,
        "val_auc_fail": 0.8327383987761346,
        "val_recall_fail": 0.8108108108108109,
        "val_mae_risk": 0.3246028423309326,
        "val_score": 0.8162993681546318,
        "lr": 0.0005011872886555352
      },
      {
        "epoch": 5.0,
        "train_loss": 1.9829499630700975,
        "val_auc_fail": 0.8403875573686895,
        "val_recall_fail": 0.7567567567567568,
        "val_mae_risk": 0.2810637354850769,
        "val_score": 0.8425635960076551,
        "lr": 0.0005011872886555352
      },
      {
        "epoch": 6.0,
        "train_loss": 1.7547358172280447,
        "val_auc_fail": 0.8485466598674146,
        "val_recall_fail": 0.7027027027027027,
        "val_mae_risk": 0.24308161437511444,
        "val_score": 0.8648921791781339,
        "lr": 0.0005011872886555352
      },
      {
        "epoch": 7.0,
        "train_loss": 1.5911607844488962,
        "val_auc_fail": 0.8536460989291178,
        "val_recall_fail": 0.5675675675675675,
        "val_mae_risk": 0.21391719579696655,
        "val_score": 0.8527826125618148,
        "lr": 0.0005011872886555352
      },
      {
        "epoch": 8.0,
        "train_loss": 1.5074335143679665,
        "val_auc_fail": 0.8607853136155023,
        "val_recall_fail": 0.5405405405405406,
        "val_mae_risk": 0.19714991748332977,
        "val_score": 0.8652275417910006,
        "lr": 0.0005011872886555352
      },
      {
        "epoch": 9.0,
        "train_loss": 1.460710070246742,
        "val_auc_fail": 0.8561958184599694,
        "val_recall_fail": 0.6486486486486487,
        "val_mae_risk": 0.1895832121372223,
        "val_score": 0.8991238433447861,
        "lr": 0.0005011872886555352
      },
      {
        "epoch": 10.0,
        "train_loss": 1.426119668143136,
        "val_auc_fail": 0.8541560428352881,
        "val_recall_fail": 0.7027027027027027,
        "val_mae_risk": 0.18616990745067596,
        "val_score": 0.9160309276855583,
        "lr": 0.0005011872886555352
      },
      {
        "epoch": 11.0,
        "train_loss": 1.3946633497873941,
        "val_auc_fail": 0.852116267210607,
        "val_recall_fail": 0.6756756756756757,
        "val_mae_risk": 0.18550525605678558,
        "val_score": 0.9064147650678812,
        "lr": 0.0005011872886555352
      },
      {
        "epoch": 12.0,
        "train_loss": 1.407964427130563,
        "val_auc_fail": 0.8521162672106068,
        "val_recall_fail": 0.5405405405405406,
        "val_mae_risk": 0.18622331321239471,
        "val_score": 0.8652997788028531,
        "lr": 0.0005011872886555352
      },
      {
        "epoch": 13.0,
        "train_loss": 1.3732491981415522,
        "val_auc_fail": 0.8485466598674146,
        "val_recall_fail": 0.7567567567567568,
        "val_mae_risk": 0.1858939677476883,
        "val_score": 0.926858512696291,
        "lr": 0.0005011872886555352
      },
      {
        "epoch": 14.0,
        "train_loss": 1.3506158851441883,
        "val_auc_fail": 0.8480367159612443,
        "val_recall_fail": 0.7837837837837838,
        "val_mae_risk": 0.18578451871871948,
        "val_score": 0.9345442361214039,
        "lr": 0.0005011872886555352
      },
      {
        "epoch": 15.0,
        "train_loss": 1.3535398301624118,
        "val_auc_fail": 0.8454869964303926,
        "val_recall_fail": 0.7837837837837838,
        "val_mae_risk": 0.18558114767074585,
        "val_score": 0.9321572134289311,
        "lr": 0.0005011872886555352
      },
      {
        "epoch": 16.0,
        "train_loss": 1.3435507195336478,
        "val_auc_fail": 0.8434472208057114,
        "val_recall_fail": 0.8108108108108109,
        "val_mae_risk": 0.18547044694423676,
        "val_score": 0.9383141064935654,
        "lr": 0.0005011872886555352
      },
      {
        "epoch": 17.0,
        "train_loss": 1.3381764440309434,
        "val_auc_fail": 0.8454869964303926,
        "val_recall_fail": 0.7837837837837838,
        "val_mae_risk": 0.1841079741716385,
        "val_score": 0.933335752228217,
        "lr": 0.0005011872886555352
      },
      {
        "epoch": 18.0,
        "train_loss": 1.3131145443235124,
        "val_auc_fail": 0.8337582865884753,
        "val_recall_fail": 0.6756756756756757,
        "val_mae_risk": 0.18303342163562775,
        "val_score": 0.8900342519826758,
        "lr": 0.0005011872886555352
      },
      {
        "epoch": 19.0,
        "train_loss": 1.3123407908848355,
        "val_auc_fail": 0.8490566037735849,
        "val_recall_fail": 0.7837837837837838,
        "val_mae_risk": 0.18220485746860504,
        "val_score": 0.9384278529338361,
        "lr": 0.0005011872886555352
      },
      {
        "epoch": 20.0,
        "train_loss": 1.2907806691669284,
        "val_auc_fail": 0.8368179500254972,
        "val_recall_fail": 0.7567567567567568,
        "val_mae_risk": 0.18146125972270966,
        "val_score": 0.9186759692743565,