{
  "config": {
    "num_samples_target": 60,
    "backend": "ros_gz",
    "num_workers": 1,
    "mu": 0.8,
    "seed": 20260428,
    "created_at_utc": "2026-04-27T13:10:16.692036+00:00",
    "flat_definition": {
      "terrain_class": "flat_absolute",
      "slope_deg": [
        0.0,
        0.0
      ],
      "cross_deg": [
        0.0,
        0.0
      ],
      "wave_amp_m": [
        0.0,
        0.0
      ],
      "bump_count": [
        0,
        0
      ],
      "pit_count": [
        0,
        0
      ],
      "step_height_m": [
        0.0,
        0.0
      ],
      "noise_std_m": [
        0.0,
        0.0
      ]
    }
  },
  "counts": {
    "attempts_total": 60,
    "accepted_valid_samples": 60,
    "invalid_attempts": 0,
    "invalid_sample_rate": 0.0,
    "worker_attempts": {
      "0": 60
    },
    "worker_accepted": {
      "0": 60
    },
    "vehicle_counts": {
      "urban_small": 20,
      "standard_offroad": 21,
      "mountain_large": 19
    },
    "action_counts": {
      "a1": 20,
      "a2": 20,
      "a0": 20
    },
    "motion_model_counts": {
      "ackermann": 35,
      "skid": 25
    },
    "invalid_reason_distribution": {}
  },
  "performance": {
    "elapsed_sec": 337.0297553539276,
    "accepted_samples_per_min": 10.681549456128895
  },
  "flat_metrics": {
    "flat_fail_rate": 0.08333333333333333,
    "fail_reason_distribution": {
      "lift": 2,
      "pitch": 5,
      "stuck": 2
    },
    "slip_fail_rate": 0.0,
    "bottom_fail_rate": 0.0,
    "stuck_fail_rate": 0.03333333333333333,
    "q_roll": {
      "mean": 0.005802594038535087,
      "p95": 0.024733782097722392,
      "max": 0.04780375228506406
    },
    "q_pitch": {
      "mean": 0.10138642950805576,
      "p95": 1.0,
      "max": 1.0
    },
    "q_slip": {
      "mean": 0.1668483471811002,
      "p95": 0.6247992965579032,
      "max": 0.6480447053909302
    },
    "q_lift": {
      "mean": 0.018402777829517922,
      "p95": 0.10524999685585497,
      "max": 0.3700000047683716
    },
    "p_bottom": {
      "mean": 0.0,
      "p95": 0.0,
      "max": 0.0
    },
    "p_stuck": {
      "mean": 0.03333333333333333,
      "p95": 0.0,
      "max": 1.0
    },
    "q_slip_vs_abs_cos_heading_corr": 0.14798970369847841,
    "odom_pose_forward_mae": {
      "mean": 0.16708434194636843,
      "p95": 0.4818862408399579,
      "max": 0.7432469725608826
    }
  }
}