{
  "num_samples": 3000,
  "band_counts": {
    "fail": 900,
    "critical": 1200,
    "safe": 900
  },
  "label_mean": {
    "y_fail": 0.46666666865348816,
    "q_roll": 0.5105960369110107,
    "q_pitch": 0.46844449639320374,
    "q_slip": 0.5686994791030884,
    "q_lift": 0.018707498908042908,
    "p_bottom": 0.10813666135072708,
    "p_stuck": 0.22033333778381348
  },
  "trigger_counts": {
    "roll>0.9": 523,
    "pitch>0.9": 441,
    "slip>0.8": 1175,
    "lift>0.25": 1,
    "bottom>0.2": 664,
    "stuck>=1": 661
  },
  "by_action": {
    "a0": {
      "n": 730,
      "fail_rate": 0.5150684931506849,
      "slip_trigger_rate": 0.5123287671232877,
      "bottom_trigger_rate": 0.20684931506849316,
      "stuck_trigger_rate": 0.2095890410958904
    },
    "a1": {
      "n": 822,
      "fail_rate": 0.49635036496350365,
      "slip_trigger_rate": 0.4951338199513382,
      "bottom_trigger_rate": 0.23722627737226276,
      "stuck_trigger_rate": 0.23722627737226276
    },
    "a2": {
      "n": 770,
      "fail_rate": 0.5168831168831168,
      "slip_trigger_rate": 0.5116883116883116,
      "bottom_trigger_rate": 0.2064935064935065,
      "stuck_trigger_rate": 0.21298701298701297
    },
    "a3": {
      "n": 340,
      "fail_rate": 0.3323529411764706,
      "slip_trigger_rate": 0.0,
      "bottom_trigger_rate": 0.2529411764705882,
      "stuck_trigger_rate": 0.22647058823529412
    },
    "a4": {
      "n": 338,
      "fail_rate": 0.3106508875739645,
      "slip_trigger_rate": 0.0,
      "bottom_trigger_rate": 0.21597633136094674,
      "stuck_trigger_rate": 0.21301775147928995
    }
  },
  "by_motion_model": {
    "ackermann": {
      "n": 1477,
      "fail_rate": 0.5138794854434665,
      "slip_trigger_rate": 0.5104942450914015,
      "bottom_trigger_rate": 0.22681110358835477,
      "stuck_trigger_rate": 0.2207176709546378
    },
    "skid": {
      "n": 1523,
      "fail_rate": 0.4208798424162837,
      "slip_trigger_rate": 0.2764281024294156,
      "bottom_trigger_rate": 0.21602101116217992,
      "stuck_trigger_rate": 0.21996060407091267
    }
  },
  "diagnosis": {
    "root_cause_type": "motion_control_dominant",
    "code_score": 1836,
    "config_score": 1187
  }
}