{
  "total_samples": 10,
  "band_counts": {
    "safe": 2,
    "fail": 7,
    "critical": 1
  },
  "band_ratio": {
    "safe": 0.2,
    "fail": 0.7,
    "critical": 0.1
  },
  "label_mean": [
    0.800000011920929,
    0.2038605660200119,
    0.2569763660430908,
    0.699999988079071,
    0.016750000417232513,
    0.05000000074505806,
    0.0
  ],
  "label_max": [
    1.0,
    0.4313206672668457,
    0.5869837999343872,
    1.0,
    0.042500000447034836,
    0.2800000011920929,
    0.0
  ],
  "label_min": [
    0.0,
    0.019940290600061417,
    0.02474767155945301,
    0.0,
    0.0,
    0.0,
    0.0
  ]
}