{
  "seed": 20260425,
  "device": "cpu",
  "channel_stats": {
    "mean": [
      0.0008898365776985884,
      -0.008606589399278164,
      -0.009365737438201904,
      0.018196938559412956,
      0.028190871700644493,
      0.04869629815220833
    ],
    "std": [
      0.21540386974811554,
      0.20307427644729614,
      0.1895909309387207,
      0.013039693236351013,
      0.16579030454158783,
      0.21486259996891022
    ]
  },
  "best_particle": [
    1.846437931060791,
    0.9913449883460999,
    2.0775065422058105,
    0.028104092925786972,
    -3.139209508895874,
    -3.051053762435913,
    3.340784788131714,
    3.1470444202423096,
    4.945598602294922,
    2.246818780899048,
    0.10551203042268753,
    0.09318843483924866,
    1.0746175050735474,
    0.08309480547904968,
    0.8242726922035217,
    1.0263915061950684,
    1.5539783239364624,
    0.4517449140548706,
    0.6487270593643188,
    0.3415053188800812
  ],
  "best_pso_fitness": 0.5765949877862052,
  "pso_history": [
    {
      "iter": 0,
      "particle": 0,
      "fitness": 0.5765949877862052,
      "metrics": {
        "auc_fail": 0.8113342898134864,
        "f1_fail": 0.6666666666666666,
        "precision_fail": 0.7241379310344828,
        "recall_fail": 0.6176470588235294,
        "mae_risk": 0.37109750509262085,
        "mae_all": 0.3847545087337494,
        "infer_ms_per_sample": 0.3155415600243335,
        "planner": {
          "plan_success_rate": 0.0,
          "oracle_safe_rate": 0.0,
          "mean_length_ratio": 2.0,
          "solved_tasks": 0,
          "total_tasks": 8
        },
        "model_config": {
          "conv_channels": [
            24,
            48,
            96
          ],
          "param_hidden": 64,
          "fusion_hidden": 96,
          "dropout": 0.028104092925786972
        },
        "train_config": {
          "lr": 0.0007257557596407064,
          "weight_decay": 0.0008890910481673671
        },
        "loss_weights": {
          "fail": 3.340784788131714,
          "bottom": 3.1470444202423096,
          "stuck": 4.945598602294922,
          "risk": 2.246818780899048
        },
        "fusion_weights": [
          0.02216147971725837,
          0.01957306290382028,
          0.22570993987219687,
          0.017453022549716028,
          0.1731281492411736,
          0.21558067317428176,
          0.3263936725415531
        ],
        "thresholds": {
          "edge": 0.4517449140548706,
          "path_max": 0.6487270593643188,
          "path_avg": 0.3415053188800812
        }
      },
      "position": [
        1.846437931060791,
        0.9913449883460999,
        2.0775065422058105,
        0.028104092925786972,
        -3.139209508895874,
        -3.051053762435913,
        3.340784788131714,
        3.1470444202423096,
        4.945598602294922,
        2.246818780899048,
        0.10551203042268753,
        0.09318843483924866,
        1.0746175050735474,
        0.08309480547904968,
        0.8242726922035217,
        1.0263915061950684,
        1.5539783239364624,
        0.4517449140548706,
        0.6487270593643188,
        0.3415053188800812
      ]
    },
    {
      "iter": 0,
      "particle": 1,
      "fitness": 0.23338689154355274,
      "metrics": {
        "auc_fail": 0.6857962697274032,
        "f1_fail": 0.0,
        "precision_fail": 0.0,
        "recall_fail": 0.0,
        "mae_risk": 0.41340285539627075,
        "mae_all": 0.4251192510128021,
        "infer_ms_per_sample": 0.16870938668337962,
        "planner": {
          "plan_success_rate": 0.0,
          "oracle_safe_rate": 0.0,
          "mean_length_ratio": 2.0,
          "solved_tasks": 0,
          "total_tasks": 8
        },
        "model_config": {
          "conv_channels": [
            16,
            32,
            64
          ],
          "param_hidden": 96,
          "fusion_hidden": 32,
          "dropout": 0.31045201420783997
        },
        "train_config": {
          "lr": 0.00016693954044778994,
          "weight_decay": 0.0003210851119396493
        },
        "loss_weights": {
          "fail": 4.570615291595459,
          "bottom": 2.2836966514587402,
          "stuck": 1.677249789237976,
          "risk": 4.198765277862549
        },
        "fusion_weights": [
          0.21485411594813777,
          0.07317264374196296,
          0.08244405096196152,
          0.06644255819662596,
          0.22717950894576688,
          0.16258593583628803,
          0.17332118636925686
        ],
        "thresholds": {
          "edge": 0.6532232165336609,
          "path_max": 0.8280876874923706,
          "path_avg": 0.37405773997306824
        }
      },
      "position": [
        1.1287192106246948,
        2.2253408432006836,
        0.09075776487588882,
        0.31045201420783997,
        -3.7774407863616943,
        -3.493379831314087,
        4.570615291595459,
        2.2836966514587402,
        1.677249789237976,
        4.198765277862549,
        1.0469704866409302,
        0.3565656542778015,
        0.40174463391304016,
        0.3237703740596771,
        1.1070313453674316,
        0.7922709584236145,
        0.8445831537246704,
        0.6532232165336609,
        0.8280876874923706,
        0.37405773997306824
      ]
    }
  ],
  "final": {
    "model_path": "ml25d_ws/data/training_runs/smoke_train_after_tune_v2/best_model.pt",
    "model_config": {
      "conv_channels": [
        24,
        48,
        96
      ],
      "param_hidden": 64,
      "fusion_hidden": 96,
      "dropout": 0.028104092925786972
    },
    "train_config": {
      "lr": 0.0007257557596407064,
      "weight_decay": 0.0008890910481673671
    },
    "loss_weights": {
      "fail": 3.340784788131714,
      "bottom": 3.1470444202423096,
      "stuck": 4.945598602294922,
      "risk": 2.246818780899048
    },
    "fusion_weights": [
      0.02216147971725837,
      0.01957306290382028,
      0.22570993987219687,
      0.017453022549716028,
      0.1731281492411736,
      0.21558067317428176,
      0.3263936725415531
    ],
    "thresholds": {
      "edge": 0.4517449140548706,
      "path_max": 0.6487270593643188,
      "path_avg": 0.3415053188800812
    },
    "train_losses": [
      8.475923881530761,
      7.100411521366665,
      5.918136157989502,
      4.923566382271903,
      4.236950631822858,
      3.9846813992091588,
      3.8906882640293667,
      3.884853706359863,
      3.754691367830549,
      3.702573912484305,
      3.67016820362636,
      3.6190616812024796,
      3.583198780332293,
      3.5132622732434955,
      3.4227940586635044,
      3.4584217480250765
    ],
    "val_history": [
      {
        "epoch": 1.0,
        "train_loss": 8.475923881530761,
        "val_auc_fail": 0.7718794835007173,
        "val_recall_fail": 0.6764705882352942,
        "val_mae_risk": 0.40800631046295166,
        "val_score": 0.6484156116009443,
        "lr": 0.0007257557596407064
      },
      {
        "epoch": 2.0,
        "train_loss": 7.100411521366665,
        "val_auc_fail": 0.7941176470588235,
        "val_recall_fail": 0.5882352941176471,
        "val_mae_risk": 0.36834201216697693,
        "val_score": 0.6759146255605362,
        "lr": 0.0007257557596407064
      },
      {
        "epoch": 3.0,
        "train_loss": 5.918136157989502,
        "val_auc_fail": 0.8012912482065997,
        "val_recall_fail": 0.5294117647058824,
        "val_mae_risk": 0.3104610741138458,
        "val_score": 0.7117459183272877,
        "lr": 0.0007257557596407064
      },
      {
        "epoch": 4.0,
        "train_loss": 4.923566382271903,
        "val_auc_fail": 0.8098995695839311,
        "val_recall_fail": 0.5,
        "val_mae_risk": 0.25149860978126526,
        "val_score": 0.7587006817589188,
        "lr": 0.0007257557596407064
      },
      {
        "epoch": 5.0,
        "train_loss": 4.236950631822858,
        "val_auc_fail": 0.8199426111908178,
        "val_recall_fail": 0.47058823529411764,
        "val_mae_risk": 0.2054893970489502,