{
  "total_samples": 5,
  "band_counts": {
    "safe": 0,
    "fail": 5,
    "critical": 0
  },
  "band_ratio": {
    "safe": 0.0,
    "fail": 1.0,
    "critical": 0.0
  },
  "label_mean": [
    1.0,
    0.7278805375099182,
    0.7566276788711548,
    0.800000011920929,
    0.9989999532699585,
    0.0,
    0.0
  ],
  "label_max": [
    1.0,
    1.0,
    1.0,
    1.0,
    1.0,
    0.0,
    0.0
  ],
  "label_min": [
    1.0,
    0.2871272563934326,
    0.22443053126335144,
    0.0,
    0.9975000023841858,
    0.0,
    0.0
  ]
}