{
  "stage": "stage1_n1",
  "num_rows": 30,
  "ok_rows": 30,
  "runtime_failure_rows": 0,
  "first_run_fail_rate": 0.0,
  "replay_fail_rate": 0.0,
  "class_mismatch_rate": 0.0,
  "label_mismatch_rate": 0.0,
  "metric_mismatch_rate": 0.0,
  "terrain_H_std": 0.0,
  "terrain_H_range": 0.0,
  "mismatch_rows": [],
  "metric_diff_summary": {
    "q_roll": {
      "mean": 0.0020811698809000516,
      "p50": 0.0015718470917703026,
      "p95": 0.0051342384081371735,
      "max": 0.005595576048431014
    },
    "q_pitch": {
      "mean": 0.0010112199989002124,
      "p50": 0.00055423759208547,
      "p95": 0.0038264011911974087,
      "max": 0.004765206781507688
    },
    "q_slip": {
      "mean": 0.030635392864545186,
      "p50": 0.01821459829807287,
      "p95": 0.08042656630277631,
      "max": 0.10864655897021291
    },
    "q_lift": {
      "mean": 0.0,
      "p50": 0.0,
      "p95": 0.0,
      "max": 0.0
    },
    "p_bottom": {
      "mean": 0.0,
      "p50": 0.0,
      "p95": 0.0,
      "max": 0.0
    },
    "p_stuck": {
      "mean": 0.0,
      "p50": 0.0,
      "p95": 0.0,
      "max": 0.0
    }
  },
  "debug_summary": {
    "label_buffer_reset_delta_mean": 2.0,
    "label_buffer_reset_delta_unique": [
      2.0
    ],
    "sample_start_time_min": 0.14400000000000002,
    "sample_start_time_max": 130.892,
    "message_time_min": 0.14400000000000002,
    "message_time_max": 132.876
  }
}