{
  "config": {
    "num_samples_target": 60,
    "backend": "ros_gz",
    "num_workers": 1,
    "mu": 0.8,
    "seed": 20260428,
    "created_at_utc": "2026-04-27T13:02:43.142395+00:00",
    "flat_definition": {
      "terrain_class": "flat_absolute",
      "slope_deg": [
        0.0,
        0.0
      ],
      "cross_deg": [
        0.0,
        0.0
      ],
      "wave_amp_m": [
        0.0,
        0.0
      ],
      "bump_count": [
        0,
        0
      ],
      "pit_count": [
        0,
        0
      ],
      "step_height_m": [
        0.0,
        0.0
      ],
      "noise_std_m": [
        0.0,
        0.0
      ]
    }
  },
  "counts": {
    "attempts_total": 60,
    "accepted_valid_samples": 60,
    "invalid_attempts": 0,
    "invalid_sample_rate": 0.0,
    "worker_attempts": {
      "0": 60
    },
    "worker_accepted": {
      "0": 60
    },
    "vehicle_counts": {
      "urban_small": 20,
      "standard_offroad": 21,
      "mountain_large": 19
    },
    "action_counts": {
      "a1": 20,
      "a2": 20,
      "a0": 20
    },
    "motion_model_counts": {
      "ackermann": 35,
      "skid": 25
    },
    "invalid_reason_distribution": {}
  },
  "performance": {
    "elapsed_sec": 336.77957463264465,
    "accepted_samples_per_min": 10.689484372461838
  },
  "flat_metrics": {
    "flat_fail_rate": 0.1,
    "fail_reason_distribution": {
      "lift": 2,
      "pitch": 6,
      "roll": 3,
      "slip": 2,
      "stuck": 2
    },
    "slip_fail_rate": 0.03333333333333333,
    "bottom_fail_rate": 0.0,
    "stuck_fail_rate": 0.03333333333333333,
    "q_roll": {
      "mean": 0.05741790322675258,
      "p95": 0.09556518813357476,
      "max": 1.0
    },
    "q_pitch": {
      "mean": 0.14458751819107638,
      "p95": 1.0,
      "max": 1.0
    },
    "q_slip": {
      "mean": 0.2818509178748354,
      "p95": 0.6376066726446152,
      "max": 1.0
    },
    "q_lift": {
      "mean": 0.02851388920098543,
      "p95": 0.2136666715145111,
      "max": 0.4050000011920929
    },
    "p_bottom": {
      "mean": 0.0,
      "p95": 0.0,
      "max": 0.0
    },
    "p_stuck": {
      "mean": 0.03333333333333333,
      "p95": 0.0,
      "max": 1.0
    },
    "q_slip_vs_abs_cos_heading_corr": -0.013651405979034496,
    "odom_pose_forward_mae": {
      "mean": 1.3519044316063324,
      "p95": 2.995797049999237,
      "max": 3.103161334991455
    }
  }
}