{
  "dataset_summary": {
    "num_samples": 20000,
    "band_counts": {
      "critical": 4007,
      "fail": 5946,
      "safe": 10047
    },
    "terrain_counts": {
      "bumps": 2020,
      "flat": 2138,
      "lateral_pits": 1521,
      "lateral_slope": 2448,
      "mixed_random": 2116,
      "pits": 2028,
      "slope_bumps": 1621,
      "steps": 1965,
      "uniform_slope": 2162,
      "waves": 1981
    },
    "vehicle_counts": {
      "mountain_large": 5975,
      "standard_offroad": 6283,
      "urban_small": 7742
    },
    "action_counts": {
      "a0": 6686,
      "a1": 6639,
      "a2": 6675
    },
    "flat_count": 2138,
    "flat_fail_rate": 0.0037418147801683817,
    "flat_fail_warn_threshold": 0.05
  },
  "mode": "both",
  "baseline": {
    "report_path": "data/training_runs/cnn_pso_dataset_v1_20k/baseline/training_report.json",
    "key_metrics": {
      "auc_fail": 0.8657945381231672,
      "recall_fail": 0.7645161290322581,
      "f1_fail": 0.7388932190179267,
      "mae_risk": 0.16833889484405518,
      "infer_ms_per_sample": 0.09124336566552908,
      "plan_success_rate": 0.95,
      "oracle_safe_rate": 0.95,
      "mean_length_ratio": 1.0
    }
  },
  "pso": {
    "report_path": "data/training_runs/cnn_pso_dataset_v1_20k/pso/training_report.json",
    "key_metrics": {
      "auc_fail": 0.8683641862170088,
      "recall_fail": 0.7298387096774194,
      "f1_fail": 0.7327935222672065,
      "mae_risk": 0.16660217940807343,
      "infer_ms_per_sample": 0.10332346633367706,
      "plan_success_rate": 0.7875,
      "oracle_safe_rate": 0.7875,
      "mean_length_ratio": 1.0085470085470085
    }
  },
  "compare": {
    "baseline": {
      "auc_fail": 0.8657945381231672,
      "recall_fail": 0.7645161290322581,
      "f1_fail": 0.7388932190179267,
      "mae_risk": 0.16833889484405518,
      "infer_ms_per_sample": 0.09124336566552908,
      "plan_success_rate": 0.95,
      "oracle_safe_rate": 0.95,
      "mean_length_ratio": 1.0
    },
    "pso": {
      "auc_fail": 0.8683641862170088,
      "recall_fail": 0.7298387096774194,
      "f1_fail": 0.7327935222672065,
      "mae_risk": 0.16660217940807343,
      "infer_ms_per_sample": 0.10332346633367706,
      "plan_success_rate": 0.7875,
      "oracle_safe_rate": 0.7875,
      "mean_length_ratio": 1.0085470085470085
    }
  }
}