{
  "seed": 20260425,
  "device": "cpu",
  "channel_stats": {
    "mean": [
      0.0022036165464669466,
      0.005930592305958271,
      -0.002930768532678485,
      0.018082423135638237,
      0.02885882742702961,
      0.049766283482313156
    ],
    "std": [
      0.21503989398479462,
      0.19644789397716522,
      0.19056782126426697,
      0.012570551596581936,
      0.1676042079925537,
      0.2172238677740097
    ]
  },
  "best_particle": [
    1.9778711795806885,
    0.023557286709547043,
    0.813058614730835,
    0.2674786150455475,
    -3.6469874382019043,
    -3.4104628562927246,
    4.506247520446777,
    0.7450117468833923,
    3.417802333831787,
    1.6564983129501343,
    1.7730839252471924,
    0.7253677845001221,
    0.08433552086353302,
    1.7437206506729126,
    1.4561665058135986,
    0.7415601015090942,
    1.0585525035858154,
    0.52664715051651,
    0.8087334632873535,
    0.36797693371772766
  ],
  "best_pso_fitness": 0.5903931451087852,
  "pso_history": [
    {
      "iter": 0,
      "particle": 0,
      "fitness": 0.5598037174191428,
      "metrics": {
        "auc_fail": 0.7631103074141049,
        "f1_fail": 0.6379310344827587,
        "precision_fail": 0.6166666666666667,
        "recall_fail": 0.6607142857142857,
        "mae_risk": 0.3477814793586731,
        "mae_all": 0.3637272119522095,
        "infer_ms_per_sample": 0.3295692222309299,
        "planner": {
          "plan_success_rate": 0.0,
          "oracle_safe_rate": 0.0,
          "mean_length_ratio": 2.0,
          "solved_tasks": 0,
          "total_tasks": 20
        },
        "model_config": {
          "conv_channels": [
            24,
            48,
            96
          ],
          "param_hidden": 64,
          "fusion_hidden": 96,
          "dropout": 0.028104092925786972
        },
        "train_config": {
          "lr": 0.0007257557596407064,
          "weight_decay": 0.0008890910481673671
        },
        "loss_weights": {
          "fail": 3.340784788131714,
          "bottom": 3.1470444202423096,
          "stuck": 4.945598602294922,
          "risk": 2.246818780899048
        },
        "fusion_weights": [
          0.02216147971725837,
          0.01957306290382028,
          0.22570993987219687,
          0.017453022549716028,
          0.1731281492411736,
          0.21558067317428176,
          0.3263936725415531
        ],
        "thresholds": {
          "edge": 0.4517449140548706,
          "path_max": 0.6487270593643188,
          "path_avg": 0.3415053188800812
        }
      },
      "position": [
        1.846437931060791,
        0.9913449883460999,
        2.0775065422058105,
        0.028104092925786972,
        -3.139209508895874,
        -3.051053762435913,
        3.340784788131714,
        3.1470444202423096,
        4.945598602294922,
        2.246818780899048,
        0.10551203042268753,
        0.09318843483924866,
        1.0746175050735474,
        0.08309480547904968,
        0.8242726922035217,
        1.0263915061950684,
        1.5539783239364624,
        0.4517449140548706,
        0.6487270593643188,
        0.3415053188800812
      ]
    },
    {
      "iter": 0,
      "particle": 1,
      "fitness": 0.2933077406180993,
      "metrics": {
        "auc_fail": 0.7432188065099458,
        "f1_fail": 0.0,
        "precision_fail": 0.0,
        "recall_fail": 0.0,
        "mae_risk": 0.4089752435684204,
        "mae_all": 0.4208991527557373,
        "infer_ms_per_sample": 0.27308710371100997,
        "planner": {
          "plan_success_rate": 0.0,
          "oracle_safe_rate": 0.0,
          "mean_length_ratio": 2.0,
          "solved_tasks": 0,
          "total_tasks": 20
        },
        "model_config": {
          "conv_channels": [
            16,
            32,
            64
          ],
          "param_hidden": 96,
          "fusion_hidden": 32,
          "dropout": 0.31045201420783997
        },
        "train_config": {
          "lr": 0.00016693954044778994,
          "weight_decay": 0.0003210851119396493
        },
        "loss_weights": {
          "fail": 4.570615291595459,
          "bottom": 2.2836966514587402,
          "stuck": 1.677249789237976,
          "risk": 4.198765277862549
        },
        "fusion_weights": [
          0.21485411594813777,
          0.07317264374196296,
          0.08244405096196152,
          0.06644255819662596,
          0.22717950894576688,
          0.16258593583628803,
          0.17332118636925686
        ],
        "thresholds": {
          "edge": 0.6532232165336609,
          "path_max": 0.8280876874923706,
          "path_avg": 0.37405773997306824
        }
      },
      "position": [
        1.1287192106246948,
        2.2253408432006836,
        0.09075776487588882,
        0.31045201420783997,
        -3.7774407863616943,
        -3.493379831314087,
        4.570615291595459,
        2.2836966514587402,
        1.677249789237976,
        4.198765277862549,
        1.0469704866409302,
        0.3565656542778015,
        0.40174463391304016,
        0.3237703740596771,
        1.1070313453674316,
        0.7922709584236145,
        0.8445831537246704,
        0.6532232165336609,
        0.8280876874923706,
        0.37405773997306824
      ]
    },
    {
      "iter": 0,
      "particle": 2,
      "fitness": 0.5903931451087852,
      "metrics": {
        "auc_fail": 0.7825497287522604,
        "f1_fail": 0.6621621621621622,
        "precision_fail": 0.532608695652174,
        "recall_fail": 0.875,
        "mae_risk": 0.41287803649902344,
        "mae_all": 0.42374563217163086,
        "infer_ms_per_sample": 0.43541544442565216,
        "planner": {
          "plan_success_rate": 0.0,
          "oracle_safe_rate": 0.0,
          "mean_length_ratio": 2.0,
          "solved_tasks": 0,
          "total_tasks": 20
        },
        "model_config": {
          "conv_channels": [
            24,
            48,
            96
          ],
          "param_hidden": 32,
          "fusion_hidden": 64,
          "dropout": 0.2674786150455475
        },
        "train_config": {
          "lr": 0.00022543044160833097,
          "weight_decay": 0.00038863073477773356
        },
        "loss_weights": {
          "fail": 4.506247520446777,
          "bottom": 0.7450117468833923,
          "stuck": 3.417802333831787,
          "risk": 1.6564983129501343
        },
        "fusion_weights": [
          0.2338301111547608,
          0.09565978646729864,
          0.011121968868487321,
          0.22995775200706034,
          0.19203579202646237,
          0.09779519090707056,
          0.13959939856885997
        ],
        "thresholds": {
          "edge": 0.52664715051651,
          "path_max": 0.8087334632873535,
          "path_avg": 0.36797693371772766
        }
      },
      "position": [
        1.9778711795806885,
        0.023557286709547043,
        0.813058614730835,
        0.2674786150455475,
        -3.6469874382019043,
        -3.4104628562927246,
        4.506247520446777,
        0.7450117468833923,
        3.417802333831787,
        1.6564983129501343,
        1.7730839252471924,
        0.7253677845001221,
        0.08433552086353302,
        1.7437206506729126,
        1.4561665058135986,
        0.7415601015090942,
        1.0585525035858154,
        0.52664715051651,
        0.8087334632873535,
        0.36797693371772766
      ]
    },
    {
      "iter": 1,
      "particle": 0,
      "fitness": 0.5702806929070013,
      "metrics": {
        "auc_fail": 0.7671790235081375,
        "f1_fail": 0.6666666666666666,
        "precision_fail": 0.5529411764705883,
        "recall_fail": 0.8392857142857143,
        "mae_risk": 0.40769463777542114,
        "mae_all": 0.4188246428966522,
        "infer_ms_per_sample": 0.2528334666513493,
        "planner": {
          "plan_success_rate": 0.0,
          "oracle_safe_rate": 0.0,
          "mean_length_ratio": 2.0,
          "solved_tasks": 0,
          "total_tasks": 20
        },