{
  "total_samples": 30,
  "band_counts": {
    "safe": 9,
    "fail": 9,
    "critical": 12
  },
  "band_ratio": {
    "safe": 0.3,
    "fail": 0.3,
    "critical": 0.4
  },
  "label_mean": [
    0.4000000059604645,
    0.5010290741920471,
    0.4120465815067291,
    0.47467491030693054,
    0.014166666194796562,
    0.30000001192092896,
    0.23333333432674408
  ],
  "label_max": [
    1.0,
    1.0,
    1.0,
    1.0,
    0.027499999850988388,
    1.0,
    1.0
  ],
  "label_min": [
    0.0,
    0.08794240653514862,
    0.08937342464923859,
    0.0,
    0.0,
    0.0,
    0.0
  ]
}