{
  "seed": 20260425,
  "device": "cpu",
  "channel_stats": {
    "mean": [
      -0.00031237947405315936,
      0.0021635284647345543,
      0.014710590243339539,
      0.018038930371403694,
      0.030630337074398994,
      0.05250582844018936
    ],
    "std": [
      0.21446415781974792,
      0.19718417525291443,
      0.18660812079906464,
      0.01234953198581934,
      0.1723906695842743,
      0.2232174128293991
    ]
  },
  "best_particle": [
    1.846437931060791,
    0.9913449883460999,
    2.0775065422058105,
    0.028104092925786972,
    -3.139209508895874,
    -3.051053762435913,
    3.340784788131714,
    3.1470444202423096,
    4.945598602294922,
    2.246818780899048,
    0.10551203042268753,
    0.09318843483924866,
    1.0746175050735474,
    0.08309480547904968,
    0.8242726922035217,
    1.0263915061950684,
    1.5539783239364624,
    0.5465704202651978,
    0.7890325784683228,
    0.5518816113471985
  ],
  "best_pso_fitness": 1.1471035067198248,
  "pso_history": [
    {
      "iter": 0,
      "particle": 0,
      "fitness": 1.1471035067198248,
      "metrics": {
        "auc_fail": 0.7834224598930482,
        "f1_fail": 0.2857142857142857,
        "precision_fail": 0.75,
        "recall_fail": 0.17647058823529413,
        "mae_risk": 0.4227277338504791,
        "mae_all": 0.4330911636352539,
        "infer_ms_per_sample": 0.10779425634283167,
        "planner": {
          "plan_success_rate": 1.0,
          "oracle_safe_rate": 1.0,
          "mean_length_ratio": 1.0,
          "solved_tasks": 4,
          "total_tasks": 4
        },
        "model_config": {
          "conv_channels": [
            24,
            48,
            96
          ],
          "param_hidden": 64,
          "fusion_hidden": 96,
          "dropout": 0.028104092925786972
        },
        "train_config": {
          "lr": 0.0007257557596407064,
          "weight_decay": 0.0008890910481673671
        },
        "loss_weights": {
          "fail": 3.340784788131714,
          "bottom": 3.1470444202423096,
          "stuck": 4.945598602294922,
          "risk": 2.246818780899048
        },
        "fusion_weights": [
          0.02216147971725837,
          0.01957306290382028,
          0.22570993987219687,
          0.017453022549716028,
          0.1731281492411736,
          0.21558067317428176,
          0.3263936725415531
        ],
        "thresholds": {
          "edge": 0.5465704202651978,
          "path_max": 0.7890325784683228,
          "path_avg": 0.5518816113471985
        }
      },
      "position": [
        1.846437931060791,
        0.9913449883460999,
        2.0775065422058105,
        0.028104092925786972,
        -3.139209508895874,
        -3.051053762435913,
        3.340784788131714,
        3.1470444202423096,
        4.945598602294922,
        2.246818780899048,
        0.10551203042268753,
        0.09318843483924866,
        1.0746175050735474,
        0.08309480547904968,
        0.8242726922035217,
        1.0263915061950684,
        1.5539783239364624,
        0.5465704202651978,
        0.7890325784683228,
        0.5518816113471985
      ]
    },
    {
      "iter": 0,
      "particle": 1,
      "fitness": 0.7778387284838397,
      "metrics": {
        "auc_fail": 0.4679144385026738,
        "f1_fail": 0.0,
        "precision_fail": 0.0,
        "recall_fail": 0.0,
        "mae_risk": 0.42417842149734497,
        "mae_all": 0.434684693813324,
        "infer_ms_per_sample": 0.07329728209580748,
        "planner": {
          "plan_success_rate": 1.0,
          "oracle_safe_rate": 1.0,
          "mean_length_ratio": 1.0,
          "solved_tasks": 4,
          "total_tasks": 4
        },
        "model_config": {
          "conv_channels": [
            16,
            32,
            64
          ],
          "param_hidden": 96,
          "fusion_hidden": 32,
          "dropout": 0.31045201420783997
        },
        "train_config": {
          "lr": 0.00016693954044778994,
          "weight_decay": 0.0003210851119396493
        },
        "loss_weights": {
          "fail": 4.570615291595459,
          "bottom": 2.2836966514587402,
          "stuck": 1.677249789237976,
          "risk": 4.198765277862549
        },
        "fusion_weights": [
          0.21485411594813777,
          0.07317264374196296,
          0.08244405096196152,
          0.06644255819662596,
          0.22717950894576688,
          0.16258593583628803,
          0.17332118636925686
        ],
        "thresholds": {
          "edge": 0.7279009222984314,
          "path_max": 0.9253466725349426,
          "path_avg": 0.5925721526145935
        }
      },
      "position": [
        1.1287192106246948,
        2.2253408432006836,
        0.09075776487588882,
        0.31045201420783997,
        -3.7774407863616943,
        -3.493379831314087,
        4.570615291595459,
        2.2836966514587402,
        1.677249789237976,
        4.198765277862549,
        1.0469704866409302,
        0.3565656542778015,
        0.40174463391304016,
        0.3237703740596771,
        1.1070313453674316,
        0.7922709584236145,
        0.8445831537246704,
        0.7279009222984314,
        0.9253466725349426,
        0.5925721526145935
      ]
    }
  ],
  "final": {
    "model_path": "/home/crh/\u6587\u6863/Machine_Learning_25D/ml25d_ws/data/training_runs/smoke_new_train_both/pso/best_model.pt",
    "model_config": {
      "conv_channels": [
        24,
        48,
        96
      ],
      "param_hidden": 64,
      "fusion_hidden": 96,
      "dropout": 0.028104092925786972
    },
    "train_config": {
      "lr": 0.0007257557596407064,
      "weight_decay": 0.0008890910481673671
    },
    "loss_weights": {
      "fail": 3.340784788131714,
      "bottom": 3.1470444202423096,
      "stuck": 4.945598602294922,
      "risk": 2.246818780899048
    },
    "fusion_weights": [
      0.02216147971725837,
      0.01957306290382028,
      0.22570993987219687,
      0.017453022549716028,
      0.1731281492411736,
      0.21558067317428176,
      0.3263936725415531
    ],
    "thresholds": {
      "edge": 0.5465704202651978,
      "path_max": 0.7890325784683228,
      "path_avg": 0.5518816113471985
    },
    "train_losses": [
      8.770669184693503
    ],
    "test_metrics": {
      "auc_fail": 0.7361111111111112,
      "f1_fail": 0.6818181818181818,
      "precision_fail": 0.5769230769230769,
      "recall_fail": 0.8333333333333334,
      "mae_risk": 0.41512084007263184,
      "mae_all": 0.42682337760925293,
      "infer_ms_per_sample": 0.08134457895817161,
      "planner": {
        "plan_success_rate": 1.0,
        "oracle_safe_rate": 1.0,
        "mean_length_ratio": 1.0,
        "solved_tasks": 4,
        "total_tasks": 4
      }
    }
  }
}